r_m,psi_0.0_deg,psi_3.7_deg,psi_7.5_deg,psi_11.2_deg,psi_15.0_deg,psi_18.7_deg,psi_22.5_deg,psi_26.2_deg,psi_30.0_deg,psi_33.8_deg,psi_37.5_deg,psi_41.2_deg,psi_45.0_deg,psi_48.7_deg,psi_52.5_deg,psi_56.2_deg,psi_60.0_deg,psi_63.7_deg,psi_67.5_deg,psi_71.2_deg,psi_75.0_deg,psi_78.8_deg,psi_82.5_deg,psi_86.2_deg,psi_90.0_deg,psi_93.8_deg,psi_97.5_deg,psi_101.2_deg,psi_105.0_deg,psi_108.7_deg,psi_112.5_deg,psi_116.2_deg,psi_120.0_deg,psi_123.7_deg,psi_127.5_deg,psi_131.2_deg,psi_135.0_deg,psi_138.8_deg,psi_142.5_deg,psi_146.2_deg,psi_150.0_deg,psi_153.7_deg,psi_157.5_deg,psi_161.2_deg,psi_165.0_deg,psi_168.8_deg,psi_172.5_deg,psi_176.2_deg,psi_180.0_deg,psi_183.8_deg,psi_187.5_deg,psi_191.2_deg,psi_195.0_deg,psi_198.7_deg,psi_202.5_deg,psi_206.2_deg,psi_210.0_deg,psi_213.8_deg,psi_217.5_deg,psi_221.2_deg,psi_225.0_deg,psi_228.8_deg,psi_232.5_deg,psi_236.2_deg,psi_240.0_deg,psi_243.8_deg,psi_247.5_deg,psi_251.2_deg,psi_255.0_deg,psi_258.8_deg,psi_262.5_deg,psi_266.2_deg,psi_270.0_deg,psi_273.7_deg,psi_277.5_deg,psi_281.2_deg,psi_285.0_deg,psi_288.8_deg,psi_292.5_deg,psi_296.2_deg,psi_300.0_deg,psi_303.8_deg,psi_307.5_deg,psi_311.2_deg,psi_315.0_deg,psi_318.7_deg,psi_322.5_deg,psi_326.2_deg,psi_330.0_deg,psi_333.7_deg,psi_337.5_deg,psi_341.2_deg,psi_345.0_deg,psi_348.8_deg,psi_352.5_deg,psi_356.2_deg
0.36406249999999996,28.979958489201486,51.62126419208005,77.29269777512455,105.85801400795829,137.12915258620433,170.86843519931915,206.79156203140468,244.57137820685574,283.8423625994728,324.2057756305182,365.2353889760187,406.4837083932816,447.4885911411502,487.7801517266392,526.887843995093,564.347603922397,599.708935882746,632.5418256499128,662.4433659140471,689.0439846018351,712.0131726881547,731.0646163657868,745.9606482516948,756.5159435830257,762.6003998985108,764.1411522956314,761.1236907677842,753.5920611118543,741.6481461989313,725.4500397577308,705.2095399692118,681.1888048528717,653.6962253890699,623.0815853281998,589.7305884632178,554.0588445828971,516.5054141978718,477.52601928370586,437.5860325857408,397.1533613782974,356.6913428930688,316.651767882211,277.4681459381367,239.54932124903672,203.273540428364,168.98306490934942,136.97940909526454,107.51927187146235,80.81121292406687,57.01310599213616,36.23037762666107,18.515010332983938,3.8652499320822,-7.774096303164015,-16.510957490797768,-22.50517287279817,-25.967895900686823,-27.16143166862579,-26.398470542812582,-24.034251412190905,-20.426879875447774,-15.801158986001905,-9.958633759334452,0.0,0.0,0.0,0.0,0.0,0.0,0.0,0.0,0.0,0.0,0.0,0.0,0.0,0.0,0.0,0.0,0.0,0.0,0.0,-13.221785245483375,-21.021924996873246,-27.707813922865675,-33.55615157440177,-38.46503702314764,-42.14037812427297,-44.23198321708886,-44.39701612562667,-42.324302200345834,-37.74337728641266,-30.428567115622627,-20.201625999079084,-6.933904432335768,9.45182190074856
0.3921875,33.85862172265857,57.87524477124465,84.90462515971316,114.80848236085679,147.39735818989604,182.4326849616942,219.62966356019157,258.6609178934015,299.1608762499599,340.73081564109395,382.9444923646644,425.35427084393507,467.497653360954,508.9041057100726,549.1020681183254,587.6260370758209,624.0236020278522,657.8623212113462,688.7363232526731,716.2725254326425,740.1363656878898,760.0369533461201,775.7315531472652,787.0293281183524,793.7942791573277,795.9473325295808,793.4675406621717,786.3923763923489,774.8171159367312,758.893321037436,738.826445752325,714.8726079319275,687.3345793166527,656.5570611568644,622.9213240832214,586.8393014320222,548.7472341792178,509.09897290117976,468.35904763130117,426.9956200187646,385.47343374820264,344.2468787042802,303.75328184835837,264.4065332240073,226.59114895084647,190.65686453745434,156.9138413739603,125.62855685655339,97.02043419285529,71.25925137360204,48.463349728034245,28.69864029380456,11.978379960003881,-1.736342284701424,-12.53550658267048,-20.5585906163298,-25.992696750122228,-29.070514287993593,-30.067961836338988,-29.300239191627103,-27.111606404864983,-23.845878100266308,-19.772565043870845,-14.956190521651461,-9.160552122026496,0.0,0.0,0.0,0.0,0.0,0.0,0.0,0.0,0.0,0.0,0.0,0.0,0.0,0.0,0.0,-11.949067737400824,-19.4628628935347,-26.214189525833973,-32.41293623794406,-38.068373162572925,-42.999830353923336,-46.9154853508698,-49.481081190376656,-50.360515120870794,-49.23658278573944,-45.82167904490128,-39.86411849429917,-31.152618638791147,-19.51990861197775,-4.845748264071507,12.940616724962911
0.4203125,38.98100696762902,64.32834303002129,92.67438962390047,123.87917364123881,157.75213130970076,194.05405715947563,232.49986838075318,272.76214916271533,314.47542492207515,357.24110274752803,400.63300209224946,444.20338890457975,487.48941714368453,530.0198741091732,571.3221203256963,610.9291109445236,648.3863838049796,683.2588994605818,715.1376206077937,743.6457224178359,768.4443311910968,789.2376964256246,805.777710683465,817.8677023914752,825.3654387425422,828.1852889633014,826.2995121617982,819.7386485251714,808.5910075550631,793.001262052792,773.1681714411341,749.3414724812226,721.8179892645967,690.9370272959544,657.0751283103591,620.640272987041,582.0656277495075,541.8029392223043,500.31568551918934,458.07209726515845,415.53816303501804,373.17073368334263,331.4108378333927,290.67731660226286,251.36087950689074,213.81867548107817,178.36946311023297,145.2894526340539,114.80887904347223,87.10935074620124,62.32200179110087,40.52645746788288,21.750603148666446,5.971124524220581,-6.885235552515721,-16.939780296154858,-24.35941257542686,-29.353714019946516,-32.17152757071571,-33.096712701878054,-32.44194445243374,-30.537686418977675,-27.710633065231537,-24.24449067385601,-20.325784660962885,-16.010270714781203,-11.27421350467247,0.0,0.0,0.0,0.0,0.0,0.0,0.0,0.0,0.0,0.0,0.0,-13.93513813033947,-20.069431643880474,-26.069802137243244,-31.925717745963265,-37.59943300098223,-42.96465632037541,-47.80273801921475,-51.830385520539764,-54.73158313979202,-56.18211782037915,-55.865984017421425,-53.48624050230875,-48.772680698692945,-41.48775205551048,-31.431437696625217,-18.445395227830872,-2.416437889798543,16.72065015108918
0.44843749999999993,44.30557657426551,70.93831073598132,100.5590818672811,133.02655201316927,168.14933490045502,205.68783250634266,245.35688904905695,286.82922652300226,329.7396119724675,373.6896936409392,418.25343118693235,462.9830345271275,507.4153167299022,551.0783588860022,593.4983791489652,634.206694257634,672.7466598877746,708.6804761589657,741.595746543877,771.1116822548234,796.8848498501887,818.6143672133172,836.0464620817038,848.9783177905367,857.2611426629674,860.8024123292419,859.5672479690836,853.5789078129441,842.9183839636323,827.7231114596526,808.1848112422116,784.5465030581754,757.0987380864715,726.1751139808846,692.1471468578258,655.4185853210554,616.4192607256678,575.5985753841704,533.4187361781384,490.34784495849044,446.8529591244171,403.39323582478727,360.4132713164506,318.33674316101985,277.56045719353915,238.44889362662613,201.3293373581641,166.48766664354832,134.16486190269495,104.55428269594428,77.79974597188294,53.9944227395107,33.18055359046464,15.34996641522034,0.4453630766968875,-11.63767240630463,-21.04799933738524,-27.975626991582146,-32.64780841901436,-35.32441622443496,-36.292253778548435,-35.857510675835954,-34.33493683022264,-32.03191456412446,-29.22689992744755,-26.147061355177296,-22.958945576732663,-19.788392386665098,-16.76741085343639,-14.076625121703588,-11.948423856121318,-10.626199826345632,-10.304652891256653,-11.081203646258334,-12.936914332117665,-15.751190094446654,-19.342847736976754,-23.520622142391026,-28.121007021298713,-33.01640102118164,-38.09353242534827,-43.21995162755398,-48.219578821114844,-52.86642570949392,-56.89269128941487,-60.00305520351715,-61.88925323657885,-62.24252932112777,-60.763703704656294,-57.17135274174868,-51.20864390191288,-42.649201189984815,-31.302202975958537,-17.016792722570706,0.31418810273714454,20.7511712360684
0.4765625,49.78993612187724,77.66220834704029,108.51525750544995,142.2066945257456,178.54458425918267,217.28917436248145,258.15544124676234,300.8164176832756,344.9072531674608,390.0299454024159,435.75866952699096,481.6456212037166,527.2272805878354,572.0309966814015,615.5817857662952,657.4092336069939,697.054388986404,734.0765359221247,768.059733609645,798.6190167240864,825.4061541220325,848.1148711276911,866.4854493414676,880.3086281251519,889.4287434225702,893.7460521720004,893.2182040427081,887.8608363533466,877.7472825644606,863.0073994336296,843.8255325298668,820.4376540751662,793.1277207726381,762.2233121594047,728.0906218688605,691.1288847991327,651.7643323812921,610.443775764678,567.627922656459,523.7845376656044,479.38155823497976,434.8802785575521,390.7287122531444,347.35524105142736,305.16265133573694,264.522653230759,225.7709680723192,189.20305971242848,155.07057334518944,123.5785325731085,94.88333148504786,69.09154385140835,46.259556509104826,26.394019118498598,9.453088543388327,-4.6515654687039225,-16.05203337864825,-24.92075538472332,-31.466446170945552,-35.92932704212128,-38.57554924934025,-39.690554576237155,-39.57096060292939,-38.51450869392158,-36.807988303502995,-34.71429956372145,-32.46197025938569,-30.24202588239142,-28.215085134544367,-26.524831022371593,-25.307701306552204,-24.69020866767859,-24.774540636888887,-25.621557083276606,-27.24140817589951,-29.59646193091799,-32.61372437514119,-36.19886243755935,-40.2438956545598,-44.62543557832829,-49.1965768456736,-53.77870550052536,-58.158060006781675,-62.08822677546362,-65.29701164965128,-67.4954030856733,-68.38690881212773,-67.67638392577452,-65.0780596448218,-60.32276501704965,-53.16441618332437,-43.385838344265395,-30.803949499289878,-15.274301092538613,3.3050522657746977,24.990393477399373
0.5046875,55.390899489311636,84.45642691481191,116.49891605150611,151.375227420093,188.89314121862262,228.81298174491377,270.85005687427883,314.6778782760312,359.932114812221,406.2152190052062,453.1016548426094,500.1436447336768,546.8773443353099,592.8293463951696,637.5234088493072,680.48729826827,721.2596374422089,759.3966454737347,794.4786602159334,826.11633622829,853.9564165695831,877.6869836172866,897.042102581519,911.8057813243771,921.8151813340011,926.9630270461497,927.1991739448449,922.5313097828347,913.0247776059912,898.8015237994164,880.0381888500503,856.963372694796,829.8541201535818,799.0316848015823,764.8566414953283,727.7234284317623,688.0544089057823,646.2935506821102,602.8998269788531,558.3404473685262,513.0840293628587,467.5938220166586,422.3210915511932,377.6987757784579,334.1355090552312,292.010112691619,251.66663729432744,213.41003358105806,177.50251692962277,144.1606785258612,113.55338268846396,85.80047606766432,60.97232030635612,39.090145906981064,20.12721215691301,4.010747046644868,-9.37536630558153,-20.187191880550465,-28.61665960177512,-34.88680903686992,-39.246331368405755,-41.96333638666486,-43.31823210692636,-43.595624242763165,-43.075314789462446,-42.02290735766603,-40.681194683831144,-39.264059438923795,-37.954351105300454,-36.90562711827477,-36.24548750429486,-36.07735018578119,-36.47904284747468,-37.49934362361318,-39.155167864249236,-41.43129843482923,-44.282364143296974,-47.635108003276095,-51.389061240708884,-55.4152533707774,-59.55420751141792,-63.61504005212452,-67.3768931925499,-70.59289093190176,-72.99604640349813,-74.30630142190854,-74.23799626904903,-72.50730721426402,-68.83939763445333,-62.97515839977113,-54.67747510241036,-43.736980108062234,-29.97724849073575,-13.25939223480423,6.513996698463917,29.39560424775565
0.5328125,61.06516555292295,91.27736863411009,124.46618513633562,160.488013564409,199.15060430040177,240.21458172457403,283.3957782382562,328.368347382859,374.76861014477214,422.1995760785367,470.23606931860286,518.4303791055781,566.3183453218545,613.4257818820748,659.2751347952225,703.3922674164148,745.3132629156655,784.5911333538961,820.8023259870652,853.5529204985269,882.4844157370844,907.2790111321523,927.6642961568916,943.417270876827,954.3676315915858,960.4002676652198,961.4569286411541,957.5370344304505,948.6976155145462,935.0523844754686,916.7699545138009,894.0712346936359,867.2260452252391,836.549008929618,802.3947869065848,765.1527371473452,725.2410842119705,683.1006959717506,639.1885696623223,593.9711339991213,547.9174767951184,501.49260834570515,455.15086979227937,409.32959276179133,364.44311185331526,320.87722508528816,278.9841893400483,239.07832828826017,201.4323194184524,166.27421484306038,133.78523774655716,104.09838297453044,77.29783668835076,53.41921666984378,32.45062232204916,14.33447242073663,-1.0298997981619313,-13.782929354748932,-24.10081480432499,-32.1908542995316,-38.28613834989168,-42.639601297564944,-45.5174297790872,-47.191856130096866,-47.93346181130694,-48.00330888710186,-47.645487141301686,-47.080889756673734,-46.50299136813153,-46.07592765818612,-45.93439453022501,-46.18428758712287,-46.90306347898879,-48.13946621743477,-49.912931397232896,-52.21312714732589,-54.99974738766474,-58.202318669645464,-61.719809870357295,-65.4202083662008,-69.14059836342949,-72.68835052254767,-75.84378997701198,-78.36434751897342,-79.98991785966321,-80.44903074938323,-79.46545579272477,-76.76494031023049,-72.08186540947119,-65.16567157694102,-55.78694673068466,-43.74309222976992,-28.863493433620985,-11.014127216240084,9.898456685530874,33.92383837463364
0.5609375,66.76904662553342,98.08112894420438,132.37295694618086,169.5007440001609,209.27245640318452,251.44923459270902,295.7476223266283,341.8425728155605,389.3711877567533,437.9371328085199,487.11566149707465,536.459169081725,585.5031887136319,633.7727344763125,680.7888897336683,726.0755347454536,769.1661048221366,809.6102694309891,846.9804236510428,880.8778861921196,910.9387027968775,936.8389601582479,958.299523401876,975.0901195710222,987.0327002511694,994.0040283023961,995.9374464291072,992.823798792528,984.711490833163,971.7056866811852,953.9666577514053,931.7073101048235,905.1899316732827,874.7222132582012,840.6526091111724,803.3651136814808,763.2735405904557,720.8153979042557,676.44546018927,630.6291425391566,583.8357846799132,536.5319543401123,489.17487829979456,442.2061069175638,396.0455135273139,351.08572397174703,307.687063808774,266.1731015297581,226.82685563744073,189.8877218509265,155.54916427524395,123.95720137420945,95.20970434720816,69.35651242432776,46.40035712861323,26.298576268762883,8.96558897035247,-5.723903877244149,-17.931033200451875,-27.848229375192094,-35.694082338479866,-41.707632169960974,-46.14213598132162,-49.25838471621308,-51.31770522295848,-52.574886842428924,-53.271403714361625,-53.629411175846606,-53.846990100689936,-54.09492593998695,-54.514965587345465,-55.21915078219443,-56.289675131034,-57.77881982521546,-59.70876838978212,-62.07129680777989,-64.8274068245334,-67.90698607015783,-71.20863321352094,-74.59988533387957,-77.91815128469052,-80.97261994344166,-83.54727926232502,-85.40501398564476,-86.29261434352445,-85.94645750589946,-84.09861299284032,-80.48314885828093,-74.84245362745224,-66.93342476721418,-56.53340199781518,-43.44574284404032,-27.5049507514186,-8.581275520886841,13.41528612271848,38.53165391949007
0.5890624999999999,72.45932199891384,104.82437239491205,140.1757860633754,178.36985707757395,219.21500435408865,262.47309280184453,307.8615579821424,355.0563052398103,403.6953412632081,453.3830836353177,503.6952823794841,554.1844769940924,604.3859032022261,653.8237557832938,702.0177075456819,748.4895798567563,792.7700572533561,834.4053375658505,872.9636097241237,908.041253964886,939.2686634857132,966.3155926206417,988.8959442443929,1006.7719182189744,1019.7574531241836,1027.720905086102,1030.5869200393672,1028.3374690178528,1021.0120298396305,1008.7069126024725,991.573740497334,969.8171113403589,943.6914786833352,913.497304159962,879.5765446437573,842.3075486309232,802.0994458343083,759.3861221206724,714.6198785049387,668.2648778208963,620.7904858353714,572.6646149097844,524.3471778180641,476.28375701347954,428.8995905415609,382.5939699961546,337.73513851645816,294.6557679616279,253.64908424403438,214.9656985517518,178.8111900772362,145.34447315911953,114.67696874301961,86.87258712369086,61.94851643915558,39.87679978448311,20.586673556150902,3.967631144953268,-10.126830390642159,-21.874827704926584,-31.481123516451007,-39.171630401375175,-45.187454108369764,-49.778568356262795,-53.19725553308356,-55.69151060665237,-57.498679139131085,-58.83965727523192,-59.91398075306283,-60.896037097170606,-61.93245480852414,-63.14051562444154,-64.60728991109352,-66.38916958593744,-68.51155561177184,-70.96858544407638,-73.72290330832034,-76.70556501897127,-79.81623483989978,-82.92387318488662,-85.86811577028955,-88.46149685680656,-90.49258193910397,-91.7299763653837,-91.92709417247752,-90.82752123284708,-88.1707887088882,-83.69837757107452,-77.15979139329359,-68.31855424774552,-56.958008600408085,-42.88680309343263,-25.943972243665712,-6.0035203625222575,17.02156854365822,43.1759636812996
0.6171875,78.0927099792109,111.46375605066652,147.83126517365665,187.05186757874029,228.93466282390293,273.24244133803563,319.6937046803107,367.96545757295166,417.69673177622883,468.49278947538863,519.9299422619905,571.5609112246053,622.9206443053716,673.5324990969393,722.9146927916943,770.5869161677232,816.0770053908991,858.92756408676,898.702428615739,934.9928717656255,967.423444119831,995.657358102502,1019.4013270462328,1038.4097804517517,1052.488386763151,1061.4968262954824,1065.3507692329042,1064.0230266570945,1057.543856146695,1046.0004173790594,1029.5353871302414,1008.3447568712903,982.6748495646759,952.8186050469078,919.1111953254684,881.9250420179948,841.66431783451,798.7590222860842,753.6587285555653,706.8261035744083,658.7303067285353,609.8403742097868,560.6186958128195,511.51468895678215,462.9587709248874,415.3567248331154,369.0845477627869,324.48386095283934,281.857952108653,241.46850893775465,203.53309119123006,168.2233760262382,135.6641986935147,105.93339770845913,79.06246112630161,55.03795866704953,33.803733567892635,15.26381845238359,-0.7139687074103288,-14.293799554898005,-25.667039095081233,-35.046944395206914,-42.662936971800605,-48.75454787332959,-53.565165387127394,-57.335756649521336,-60.298779383522565,-62.672532737383285,-64.6561945085746,-66.42573734464139,-68.13080878901101,-69.8925267019078,-71.80202888059864,-73.9195638240867,-76.27392972422535,-78.86214102842914,-81.6492932902675,-84.56868046699337,-87.52227901983458,-90.38174214375387,-92.99004139680689,-95.16385429645905,-96.69673571306666,-97.36304416452666,-96.92253648996163,-95.12550472219509,-91.71830872322641,-86.44915352190674,-79.07396562028798,-69.36223272099649,-57.102682956770444,-42.10869105643864,-24.223309456513814,-3.323832327596412,20.674189758199493,47.81355682486255
0.6453125,83.62660820395485,117.95669082182444,155.29680710064457,195.50416887325173,238.38877582732619,283.71453763127323,331.2011897757453,380.52697836307334,431.33207609408544,483.22267928916455,535.7757241542856,588.5441498671989,641.062626601203,692.853658491076,743.4339649212445,792.3210384979511,839.0397747447688,883.1290669947339,924.1482601727631,961.6833591680947,995.3528912568255,1024.813327487641,1049.7639749988568,1069.9512607738175,1085.1723372210197,1095.2779510184725,1100.1745287022343,1099.8254453032682,1094.251455727743,1083.5302823071631,1067.7953657836174,1047.233800707753,1022.0834895805785,992.6295628387065,959.2001237500778,922.1613882510435,881.9122995305123,838.8787055876668,793.5071949144859,746.2586907667812,697.6019080987705,648.0067790871855,597.9379532323701,547.8484762981326,498.17374887284956,449.32586016675197,401.68838590053076,355.611730915181,311.40908759867347,269.353070566954,229.67307646822653,192.55340554088752,158.13216891253796,126.50099286800018,97.70551874101783,71.74668500060854,48.58276678479866,28.132137780319994,10.276709996702103,-5.134001601122471,-18.27825111974212,-29.356941540671844,-38.58809590609746,-46.201020873281614,-52.43028723921882,-57.509681025286,-61.66630817053036,-65.11505591647743,-68.05361140268955,-70.65820190644614,-73.08015068539451,-75.44325182026094,-77.84188316427321,-80.33972513886502,-82.96894832684357,-85.72976978249034,-88.5903385853097,-91.4869741293432,-94.32482909495059,-96.97907313787181,-99.2966900904975,-101.09895419720209,-102.1846078769686,-102.33371537051764,-101.31212304521422,-98.87642422611903,-94.77930610014589,-88.77514714984267,-80.62573276337673,-70.10596103842416,-57.00941792639789,-41.15370923477817,-22.385445883665295,-0.5847879813867055,24.330537203621564,52.40181829716808
0.6734375,89.0188797984868,124.26110235640793,162.53038103082,203.68474513891726,247.5353057164014,293.8472782316343,342.3417939059606,392.69847709398147,444.5587531993703,497.52983917137414,551.1893569564021,605.0904995692184,658.7676698850951,711.7425040045877,763.5301842509517,813.6459416460781,861.6116441667726,906.9623652729302,949.2528271566625,988.063614890336,1023.0070611249891,1053.7327061519804,1079.9322449044073,1101.3438807276266,1117.756015351679,1129.0102152907164,1135.003406693726,1135.6892632775641,1131.0787651745723,1121.2399200994323,1106.296651953904,1086.4268756115207,1061.8597899266867,1032.872433768753,999.7855618758398,962.9589083525741,922.7859155141647,879.6880143398193,834.1085498970573,786.5064506162379,737.3497441393284,687.1090245757895,636.2509763381545,585.2320582983762,534.4924488322381,484.45034746323114,435.4967223703027,387.9905851067499,342.2548646404927,298.5729424470954,257.1858990707983,218.2905105445936,182.03802057865153,148.533701754605,117.83720637684128,89.96369539966963,64.88572220712487,42.535837132413675,22.80986849356082,5.570826401173677,-9.34663382969504,-22.131262010177192,-32.98986258383699,-42.14164390864262,-49.81238673020059,-56.22857272316012,-61.611634488350326,-66.17250137804085,-70.10661262312875,-73.58954359910408,-76.77334182946184,-79.78360471998268,-82.71726717319417,-85.64102203108871,-88.59028139743444,-91.56860284367629,-94.54754163484323,-97.46693376666832,-100.23565095251591,-102.7328884661799,-104.81004647179266,-106.29324703912411,-106.98649815438608,-106.67548005298539,-105.13189492563019,-102.11829316696834,-97.39326989934395,-90.71691436167866,-81.85639044797735,-70.59152733881862,-56.72030310741153,-40.06411017123648,-20.47269875137563,2.1712972817844447,27.948338797150527,56.89854088837384
0.7015625,94.22818914382388,130.33577028378434,169.4908552423215,211.55251746893222,256.33318248637386,303.599551083057,353.074305962036,404.43858154720465,457.33516367622946,511.37237346069213,566.1285778758419,621.1572588545212,675.9925629871025,730.1552455387034,783.1589155320796,834.5164832310084,883.7467075898628,930.3807391775235,973.9685537757558,1014.0851733015306,1050.3365738874088,1082.3651858222188,1109.8548965251482,1132.535475692032,1150.1863510793726,1162.6396739226157,1169.7826245428876,1171.558921085684,1167.9695073467067,1159.0724090540828,1144.9817615658762,1125.8660254771978,1101.9454198834076,1073.4886157907742,1040.8087441880866,1004.2587843888484,964.2264082366969,921.1283644681052,875.4044948000641,827.5114790342996,777.9164105485553,727.0903059125519,675.5016529843041,623.6101007047456,571.8603909392144,520.6766281684693,470.45697669494564,421.5688674173768,374.34478728252236,329.07871441776325,286.02325087912817,245.38749313506554,207.33566808519024,171.98654983686257,139.41365988673815,109.64624102503879,82.67098341004463,58.43446999522914,36.846297864588976,17.78282190739837,1.091457286193249,-13.404533270737831,-25.90085294458913,-36.606684174387375,-45.739016563827285,-53.51692071808348,-60.15591447658853,-65.86257693732021,-70.82956283556504,-75.23115070585173,-79.21942210269287,-82.921121072387,-86.43519347531617,-89.83096695030842,-93.14691348707174,-96.38994008638062,-99.53517386606961,-102.52623655695491,-105.2760292370627,-107.66806352719733,-109.55837663787021,-110.77805512905296,-111.13636963332374,-110.42449519484724,-108.41976427044938,-104.89037555521972,-99.60046365834152,-92.31542273405732,-82.80737087886003,-70.86064035555974,-56.277180357749415,-38.881763136353236,-18.526890199802107,4.902697450595648,31.485992716412134,61.262257730525555
0.7296874999999999,99.21392068482842,136.14023319114423,176.13788867449284,219.0672224771752,264.74216990721754,312.931089732464,363.35836599114504,415.70677007663085,469.62055209463665,524.7092180248511,580.551937452962,636.7025157713875,692.6948549623104,748.048818542349,802.2764091113414,854.8881613319182,905.3996491698193,953.3380039177924,998.248338950238,1039.6999783237718,1077.2923892331157,1110.660722905218,1139.4808746916344,1163.473981796836,1182.4102861296942,1196.112300034657,1204.4572239751783,1207.3785774139567,1204.867016956843,1196.9703290834816,1183.792598253628,1165.4925646261538,1142.2811988305557,1114.4185339652938,1082.2098070482102,1046.000973308217,1006.1736667960064,963.1396896348576,917.3351196819583,869.2141323015055,819.2426362644228,767.8918264152627,715.6317566432267,662.9250358499107,610.2207470406262,557.9486854289081,506.514005615122,456.2923605895839,407.6256066560472,360.8181385372175,316.13390809899846,273.7941685248102,233.97597361335724,196.8114494018068,162.3878427730448,130.7483393208594,101.89363071988869,75.78420031863031,52.343284690451014,31.460458353486494,12.995778557330528,-3.215583475561706,-17.35830966805026,-29.631597672480996,-40.24362938736246,-49.40596943948141,-57.32802937002763,-64.21173980493171,-70.24657034685364,-75.60502214745418,-80.43869051925385,-84.8749578337619,-89.01433735600928,-92.9284552718842,-96.65863810634032,-100.21506883360719,-103.57648489060266,-106.69040878283306,-109.47391946837567,-111.81498389466269,-113.57436940929392,-114.58814886820778,-114.67079322878239,-113.61882472469756,-111.21498105622409,-107.23282039571906,-101.44168029602326,-93.61189157669422,-83.5201408777389,-70.95487224963982,-55.72161815370772,-37.648152875384625,-16.5893660392201,7.568239750536764,34.902515411807535,65.45217540260197
0.7578125,103.93633911761256,141.6349472657789,182.43208816541153,226.18956821546584,272.7230201745384,321.80262675120076,373.15461741532187,426.4635226448059,481.37515687983364,537.5002889758358,594.4189471332137,651.6852943338608,708.8330004165388,765.3810282435753,820.8397440985999,874.7172566351783,926.5258844700387,975.7886499562453,1022.0456958268151,1064.8605222846768,1103.8259447175337,1138.5696764942168,1168.759447181709,1194.1075739111748,1214.3749123933562,1229.374124091085,1238.9722071311191,1243.092250492247,1241.7143836399175,1234.8759068762845,1222.6706010172254,1205.2472283691257,1182.8072501323447,1155.6017980830286,1123.927950465403,1088.1243732590626,1048.5663981806026,1005.6606177646762,959.8390854952595,911.5532150960146,861.2674776371693,809.4529980007518,756.5811534205179,703.1172762616186,649.5145609422001,596.2082709695084,543.6103365412474,492.10442615286945,442.0415672848692,393.73638167903925,347.4639901308185,303.45763032893154,261.90701928237286,222.957479517729,186.70983573765363,153.22107622394498,122.50576113786273,94.53814815680911,69.25499465285387,46.55898482185212,26.322719646734814,8.393197048784147,-7.403301274361223,-21.256011223509656,-33.36428260407833,-43.93208856805358,-53.16257593215129,-61.252789234016795,-68.38869924138756,-74.74065493128946,-80.45935621984897,-85.67241517686054,-90.48154101304287,-94.9603550854542,-99.15282208174636,-103.07227520564311,-106.70101571453554,-109.99047658701802,-112.86195101535495,-115.20789385017477,-116.89380488109886,-117.76069600588366,-117.6281310072849,-116.29780915424138,-113.55764489243744,-109.18627789989611,-102.95793246189646,-94.64753337463291,-84.03597765304836,-70.9154569786693,-55.09472463516932,-36.40420214452459,-14.700824481929377,10.127471753854946,38.15770578651305,69.4283359044737
0.7859375,108.35673461283102,146.7814297449511,188.33515024755533,232.88137438855804,280.2376125916914,330.17603091750215,382.4248427389962,436.6704550751091,492.5603431256932,549.7066140596304,607.6902092488957,666.0656831135246,724.3664867308819,782.1106755368497,838.8069529569233,893.9609557800654,947.0816826314826,997.6879640897561,1045.3148718788543,1089.519965167395,1129.8892743180147,1166.04292641167,1197.6403224593873,1224.3847833143939,1246.02758979189,1262.3713522492926,1273.2726557127282,1278.6439383732347,1278.4545737207814,1272.7311395256304,1261.5568700964018,1245.070301519105,1223.463132687284,1196.9773376488706,1165.9015769058567,1130.566966604115,1091.3422748521648,1048.6286235362181,1002.8537818010028,954.4661437114639,903.9284873938478,851.7116160976537,798.2879830722355,744.1254018930516,689.6809419119037,635.3951048825232,581.6863735968208,528.946216656189,477.53462542233956,427.7762498951333,379.95718992593777,334.3224869897532,291.07434991904125,250.37113576792711,212.327094549893,177.01287418783548,144.45676982001615,114.64668976249422,87.53279901612814,63.03079021700946,41.02572126187016,21.3763483140547,3.9198723098440054,-11.522993665008768,-25.14273950112535,-37.135669146482336,-47.698529222997664,-57.023281042035194,-65.29214017096818,-72.67299828037503,-79.31532444677994,-85.34661894023918,-90.86946532004998,-95.95920108401515,-100.66220754276485,-104.99480859464566,-108.94276561256858,-112.46135925504622,-115.47605483662178,-117.88375207635856,-119.55461981560715,-120.3345105129343,-120.04793840603415,-118.50159069584979,-115.48832495332638,-110.79159009952181,-104.1901942643614,-95.46333152457217,-84.39577136630392,-70.78310972580921,-54.43697840561634,-35.190110211313254,-12.901159958017951,12.540813757880917,41.212294701477866,73.15176385289352
0.8140625,112.43730384573101,151.54212921003125,193.8097211189299,239.105422442167,287.2487942551082,338.01413902611125,391.13178705795264,446.29013488180885,503.13841141133264,561.2901351646838,620.3272139601988,679.8046273847315,739.2556222089211,798.1973419516153,856.1368041287551,912.5771324911254,967.0239468675583,1018.9918101665755,1068.010630703946,1113.6319183415785,1155.4347949411913,1193.0316633218795,1226.0734442034657,1254.2542974291498,1277.315751977759,1295.050178759777,1307.303550782997,1313.9774467946304,1315.0302667628848,1310.4776403456742,1300.3920225914007,1284.9014843056887,1264.187717575898,1238.483289651685,1208.0681905206795,1173.26573088854,1134.4378576809574,1091.9799634564097,1046.3152740971634,997.8889056988538,947.1616865970112,894.6038438700106,840.6886553875037,785.8861685064049,730.6570848572112,675.4469073461786,620.6804405875432,566.7567295671288,514.0445135445522,462.8782631716878,413.55485870915794,366.33095624950016,321.4210772098883,278.9964442531971,239.18457444985881,202.0696281118,167.69349949913965,136.05762366764688,107.12546218224539,80.82561929145201,57.05552938759595,35.68564605787464,16.564052643976993,-0.4785960576404276,-15.623901313067384,-29.0604266692379,-40.97839956712544,-51.5645288483649,-60.997057384411384,-69.4411613766992,-77.04479341004068,-83.93504617457828,-90.2150905047173,-95.96171858300772,-101.22350431973372,-106.01958035783787,-110.33902529022703,-114.14085404265269,-117.35460626140998,-119.88152897822974,-121.59634845607884,-122.34962074127623,-121.97064106447417,-120.2708797915009,-117.04789857514237,-112.08968622756727,-105.17934091389378,-96.1000144664885,-84.64002643704423,-70.59805010208274,-53.78826994739452,-34.04540997722284,-11.229534271102322,14.769474712477622,44.02784874925911,76.58435865822089
0.8421875,116.14159737186311,155.8808837066754,198.81986520745164,244.82593414946828,293.7208681347978,345.28125284047326,399.23966317645,455.2865937698336,513.0731168346721,572.2142329831057,632.2928685905582,692.8644621438341,753.4620717639017,813.6019269773465,872.78933996646,930.5248850913179,986.3107505582084,1039.6571627922403,1090.0887824158538,1137.150970769029,1180.4158276325904,1219.4879042056232,1254.0095003859788,1283.6654619260491,1308.1874009754579,1327.357272744897,1341.010251376046,1349.0368594071329,1351.384317291848,1348.0570920573618,1339.116637162365,1324.6803287191426,1304.9196162538942,1280.057418877103,1250.3648099067573,1216.157044426462,1177.788994775321,1135.6500683802853,1090.1586904964204,1041.7564411802036,990.9019410730772,938.0645842309904,883.7182182418062,828.3348721963374,772.3786317199093,716.2997572587635,660.5291372079394,605.4731613515088,551.5090925768671,498.98100606225864,448.1963552841491,399.42321343154197,352.8882273464805,308.7753091422071,267.22507839354574,228.33505545149796,192.16059419017316,158.71653050039342,127.9795112050554,99.89095683293873,74.36060083676735,51.27053732039173,30.479699090654645,11.828677889677037,-4.855210805552784,-19.752724508063256,-33.04746468088968,-44.92073819870113,-55.54662474009899,-65.08735923514253,-73.68912637965151,-81.47834707836672,-88.55851644838377,-95.0076324699667,-100.87623634923169,-106.18607221281287,-110.9293655681346,-115.06871623134437,-118.53760026150249,-121.24147457105548,-123.05947535087198,-123.84669608021203,-123.4370224443167,-121.64649050250632,-118.27712197730123,-113.12117777253845,-105.96575887720627,-96.59767351654405,-84.80848131068551,-70.3996195509395,-53.18751354697845,-33.00857223722021,-9.723971716206304,16.775867186704385,46.56719585089195,79.68933099981616
0.8703125,119.43409996594684,159.7624811248402,203.33060633586268,250.00809441150074,299.61909847288536,351.9426281639297,406.7136255334645,463.62478769955555,522.3291165916514,582.4431635625019,643.5509246804581,705.2083312536599,766.9482697896007,828.2860563309247,888.7252820879298,947.7639406464018,1004.9007418797323,1059.6415141251991,1111.5055942579827,1160.032105047131,1204.786020611325,1245.3639238863075,1281.3993647195368,1312.567733442865,1338.5905724367394,1359.2392571611829,1374.33798823903,1383.766047265617,1387.459280899504,1385.410790260708,1377.6708155160156,1364.3458185484571,1345.596779570438,1321.636736228678,1292.7276059501858,1259.1763437863697,1221.3304986334517,1179.5732402631295,1134.3179379276676,1086.0023782693202,1035.0827157492827,982.0272527264201,927.3101485975949,871.4051580251579,814.779497217531,757.887934519761,701.1671972657537,645.0307810242148,589.8642401452682,536.0210300188576,483.8189618470209,433.5373201875314,385.41468223932367,339.64746601380944,296.38922237692776,255.75067365493305,217.80048925643854,182.5667767293604,150.0392549591958,120.17206489048321,92.8871622333027,68.07822608355234,45.6150072244405,25.348030137906893,7.113553640681362,-9.261312988190666,-23.953447769899853,-37.13862051703808,-48.98657647014779,-59.656406310157855,-69.29229950885387,-78.01976318081294,-85.94237076654757,-93.13908619396734,-99.66219196469868,-105.53583571691088,-110.7552000398696,-115.286294303551,-119.06636373132434,-122.00490815970348,-123.98529928425775,-124.86697959880918,-124.48821831431098,-122.66938956835772,-119.21672693772437,-113.92649658482208,-106.58952023295596,-96.99596934378226,-84.94034390559771,-70.22654344621387,-52.67293438038119,-32.11731657126244,-8.421692922365027,18.523251233152795,48.79404738995917,82.43080377335257
0.8984375,122.2805030599309,163.15293757231854,207.30821191332979,254.61834107350916,304.9100059654061,357.96477506929995,413.520075110315,471.2709060563984,530.872282951066,591.9423745944309,654.0662970691909,716.800508776042,779.6777431856908,842.2124061085666,903.9063560876465,964.2549796737521,1022.7534679631541,1078.903196956564,1132.218112102885,1182.231016859093,1228.499666240103,1270.612569131684,1308.194407549642,1340.910986976583,1368.4736392941666,1390.6430085303343,1407.2321595113654,1418.1089603818564,1423.1977016487936,1422.4799267218714,1415.9944616534185,1403.8366447132514,1386.1567693482575,1363.15776675605,1335.0921665327025,1302.258385430643,1264.996404989348,1223.682908498432,1178.7259562575582,1130.5592852682464,1079.6363252101526,1026.4240267245807,971.3966005838826,915.0292672275361,857.7921153840095,800.1441660906559,742.527734419947,685.3631756956581,629.0440960408038,573.9330988694464,520.3581295692026,468.60947029266543,418.9374256720644,371.550728590876,326.61568309108867,284.2560492633156,244.55366274258657,207.54976937432184,173.24704384666222,141.61224968909858,112.57948705419652,86.05396414213088,61.91621801378821,40.026700940888354,20.230639560332794,2.363066329181458,-13.746083254782334,-28.266917659990234,-41.36469052478077,-53.19516177276077,-63.900315570477076,-73.60451913669073,-82.41119051426726,-90.40002629425284,-97.6248238781721,-104.11191879758759,-109.85924675202844,-114.8360323275293,-118.98310096928331,-122.21380640732127,-124.41556106022028,-125.45195099339422,-125.16540933788413,-123.38041277189136,-119.90715523255898,-114.54564218933047,-107.0901383492333,-97.3338922674773,-85.07405352996366,-70.11669230038869,-52.281827258810175,-31.40836634386496,-7.358865196912153,19.975989316246803,50.67325880535284,84.77407856561754
0.9265625,124.64801646259107,166.01981511770336,210.72051647988437,258.62469397351947,309.5617019511609,363.3157968049928,419.6270025783596,478.1927185180109,538.6700532789864,600.6788580002584,663.8054184196675,727.6067547936887,791.6154678229504,855.3450592365989,918.2956473191165,979.9599906143023,1039.829727433009,1097.401734720036,1152.1845073716363,1203.704458281636,1251.512040246591,1295.1875933658835,1334.3468256904325,1368.645840535437,1397.7856309841331,1421.5159705516694,1439.6386386094016,1452.0099298282764,1458.5424084061535,1459.2058800042141,1454.0275669271093,1443.0914849277253,1426.5370328839047,1404.5568192642904,1377.3937615602993,1345.3375065046166,1308.7202297278077,1267.9118833416958,1223.314968616346,1175.3589182918565,1124.4941790142673,1071.1860888089516,1015.9086473332917,959.1382778395787,901.3476793136658,842.9998651487521,784.5424810095733,726.4024893112841,668.9813010778142,612.650427980398,557.7477182354218,504.5742299289448,453.3917844165111,404.42123091542226,357.8414414612812,313.7890432370195,272.3588830843341,233.60520693647072,197.54352509913284,164.15312284831313,133.38016477028185,105.14133067684001,79.32791082956214,55.81027868991827,34.442650673067,15.068034778039104,-2.476735956116305,-18.355992745774067,-32.73035104414373,-45.75206568332249,-57.56071809014447,-68.27932110163512,-78.01091260332859,-86.83569342225809,-94.80874926126432,-101.95838240315048,-108.2850673309363,-113.76103546001171,-118.33048733462961,-121.91042494596786,-124.39209122311759,-125.64299737543031,-125.50951115732036,-123.81997025227803,-120.38827516323914,-115.01790581332875,-107.50629615001917,-97.64949201702758,-85.24700991005365,-70.10680831887746,-52.050279390162274,-30.917166711173937,-6.570315109404492,21.09983958401979,52.17112896214798,86.68594121588337
0.9546875,126.5049707176521,168.33180784089745,213.53649214523568,261.9963105603252,313.54343009566,367.96491852548974,425.0035051458719,484.3590811702857,545.6909266517147,608.620638334935,672.7357207631619,737.5937914918403,802.7273405926181,867.6489749429145,931.8570692550479,994.8417385488518,1056.091040936675,1115.0973152695701,1171.36355546288,1224.4097222259722,1273.7788934847085,1319.043156998378,1359.809152499411,1395.723176060969,1426.4757662349377,1451.8056996865985,1471.5033334450427,1485.4132413325112,1493.4361034555902,1495.5298196460808,1491.7098302271609,1482.0486402408708,1466.6745560909305,1445.7696562145277,1419.5670296848746,1388.3473283561134,1352.4346890967824,1312.1920926339474,1268.016234380138,1220.3319901917007,1169.586566184276,1116.2434264071533,1060.776095277518,1003.6619331498772,945.375983225028,886.3849861957844,827.1416556208202,768.0793020793022,709.6068877807026,652.1045856049773,595.919907670342,541.3644586315022,488.7113581791817,438.1933658323819,390.0017292834444,344.28576546644854,301.1531713551005,260.6710494217246,222.86762084215664,187.73458801852533,155.23009688898318,125.2822388564525,97.79302205748151,72.64273220901633,49.69459460596798,28.79964132129771,9.801681767350445,-7.457728866057886,-23.13442950295702,-37.3770048399256,-50.32244567817526,-62.09220472766012,-72.78872172054044,-82.49247702986057,-91.25961805956658,-99.12018874117295,-106.07698041995499,-112.10501253469099,-117.1516435058608,-121.13730545457213,-123.95684993501507,-125.48148503805517,-125.56127655477948,-124.02817726671059,-120.69953906077075,-115.38205288046996,-107.87605205442242,-97.98010582525892,-85.49582240040515,-70.2327749144054,-52.01345956319675,-30.678192966134308,-6.089855562847811,21.86161047831573,53.25503686208208,88.13428108747267
0.9828125,127.82092126317235,170.0588471349487,215.7263550786059,264.70359358630674,316.8256752761952,371.8825973358767,429.6198977101041,489.7400486984025,551.9045770029777,615.7368867955421,680.8257502648265,746.7294185692695,812.980295346888,879.0901051091158,944.5554801341241,1008.8638820259952,1071.4997680461445,1131.950907756356,1189.7147525173752,1244.3047590154001,1295.2565682657735,1342.1339434656438,1384.534373604361,1422.0942548335154,1454.4935681631948,1481.4599799774555,1502.7723010173077,1518.2632497100947,1527.8214768579276,1531.3928205475697,1528.9807725102567,1520.646149834291,1506.5059787022635,1486.7316094734545,1461.5460947474628,1431.2208738201173,1396.071817979401,1356.4547012022676,1312.7601698333547,1265.4082926033793,1214.8427787490364,1161.524956922245,1105.9276109446748,1048.5287702206617,989.8055527433403,930.2281571186381,870.2540969224096,810.3227660581108,750.8504176840066,692.225631843828,634.8053383000217,578.9114513922249,524.828163199519,472.7999300599474,423.03017578707914,375.6807229128556,330.8719511618292,288.6836702909653,249.1566825547595,212.2949984928132,178.0686585749522,146.41710254878728,117.25301819126071,90.46659167970529,65.93007315572544,43.50256355711593,23.0349228732005,4.374696186739703,-12.629047206786248,-28.121064156261752,-42.235574394177284,-55.09227154510279,-66.79278447644657,-77.41765143118677,-87.02385512530391,-95.6429532667496,-103.27982661330944,-109.91205612206558,-115.48993184940353,-119.93708855478172,-123.15175578212398,-125.00860291226024,-125.36115186756628,-124.04472165075767,-120.87985982975259,-115.67620676317051,-108.23672923673459,-98.36225171793187,-85.85620606222795,-70.52951456353026,-52.20551697908035,-30.724849720698092,-5.950184850443182,22.2292621599757,53.89354381233809,89.08819416739523
1.0109374999999998,128.56691912480198,171.17237803272337,217.26184725489418,266.71847799552097,319.3804552764455,375.040818405069,433.44801295396775,494.3071779898412,557.2821597197244,621.9982302657753,688.0454781483946,754.9828254568522,822.3426158138476,889.6357072800866,956.3569954662398,1021.9912844737368,1086.019417003248,1147.9245701579405,1207.1986202105957,1263.3484779559844,1315.9022962620743,1364.4154530673281,1408.476216320507,1447.7110021706371,1481.7891440080457,1510.4270976277505,1533.392016705336,1550.504642793238,1561.6414649937024,1566.7361161594638,1565.7799847175736,1558.8220337997493,1545.9678320820278,1527.3778133734677,1503.264794335245,1473.8907915503821,1439.5631903014678,1400.6303276621934,1357.4765616969528,1310.5169065374957,1260.1913197345216,1206.9587334557266,1151.2909247363705,1093.6663220262892,1034.563845689276,974.4568788954666,913.8074625325271,853.0608034025755,792.6401791519369,732.94231620874,674.3333086114284,617.1451361526312,561.6728299077512,508.17232214875565,456.85900605059754,407.9070186702919,361.44924859994376,317.5780576335077,276.34669389059,237.77136223207316,201.8339065810562,168.485048012446,137.64811228231224,109.22317095130416,83.0915115976522,59.12034509455429,37.16765193804614,17.087065647011382,-1.2673101534674427,-18.03625275025285,-33.351036371230364,-47.32940205805399,-60.071959398420056,-71.65908539522826,-82.14837212559921,-91.57266137238052,-99.93869191763311,-107.22637412122658,-113.3886967990592,-118.3522629490358,-122.01844304008692,-124.26512685570422,-124.94904687535228,-123.90863770648573,-120.96738719819798,-115.93762581610976,-108.62469199877954,-98.83140295638331,-86.36275310315708,-71.03075636706191,-52.65934424247441,-31.08922880736722,-6.182639098075763,22.17215976307327,54.05665249940333,89.51824798257687
1.0390625,128.71581994419094,171.64567395872794,218.11655661613293,268.01475611639614,321.18165057312297,377.4134288557817,436.4615388009655,498.0338685740141,561.7966544504757,627.3770958478106,694.3666462840374,762.324937278768,830.7842812417118,899.2546893008921,967.2293309792957,1034.1903547886388,1099.6149823062499,1162.98178324717,1223.7770355254472,1281.5010723772732,1335.6745183282642,1385.844317134334,1431.5894577889133,1472.5263092204202,1508.3134803274186,1538.656129414532,1563.3096557757767,1582.0827159777355,1594.8395181585008,1601.50135919834,1602.0473817406207,1596.5145405426629,1584.9967803052843,1567.6434397539456,1544.6569091108647,1516.2895799985968,1482.8401380512614,1444.6492588914964,1402.0947774854233,1355.5864090584655,1305.5601066059478,1252.4721454511666,1196.7930292019494,1139.0013137728024,1079.5774468394404,1018.9977191698184,957.7284217532501,896.2202985775165,834.9033793609309,774.1822696361718,714.4319674328334,655.9942665649605,599.1747963643479,544.2407367893422,491.4192363689077,440.8965486009833,392.81789039511114,347.28801410205233,304.3724727591642,264.09954652897477,226.46278702782172,191.4241254258826,158.91747994593254,128.85278881876874,101.12038604785052,75.59562975777051,52.14368681240271,30.624373235538258,10.896948229424389,-7.175239312512644,-23.72034871282701,-38.85397950233035,-52.67551722495392,-65.26496084761406,-76.68028653871843,-86.95538939678114,-96.09863216193452,-104.0920185161786,-110.89099840540706,-116.42490371564224,-120.59800422769612,-123.29116562776707,-124.36408311569939,-123.65805564207146,-120.99925702652018,-116.20245134026939,-109.0750912724411,-99.42173009631948,-87.04867066326116,-71.76876889254729,-53.406304743844665,-31.80183082889715,-6.816907740684634,21.661364113960133,53.71610391932571,89.39678466183311
1.0671875000000002,128.2414317096891,171.45295830844157,218.2650138348764,268.56715112940697,322.204056206627,378.97516990595943,438.6350328522772,500.89436152256894,565.421850762611,631.8466856783308,699.7617336531962,768.7273755236849,838.2759238796872,907.9165662341679,977.1407616009761,1045.4280109883528,1112.2519155958594,1177.086431209191,1239.4122235118862,1298.723026840699,1354.5319083410895,1406.377340542259,1453.8289880510156,1496.4931183166761,1534.017552174916,1566.0960770409085,1592.472254071519,1612.9425602111526,1627.358816614877,1635.629866328112,1637.7224761027317,1633.661449643241,1623.528952194744,1607.4630589944343,1585.6555524982798,1558.3490052560755,1525.8331966402895,1488.4409221470776,1446.5432635054317,1400.54439619409,1350.8760180363392,1297.9914882039445,1242.3597701206845,1184.4592743474275,1124.771698515424,1063.7759607418018,1001.9423207287078,939.7267789608956,877.5658391488711,815.8717124150602,755.0280338119585,695.3861527381963,637.2620488431114,580.9339142584095,526.6404316507961,474.5797658382796,424.9092747372448,377.7459333784425,333.16745280253434,291.2140639543774,251.89092535550452,215.1711024491843,180.99905618668168,149.29456878450594,119.95702580734806,92.86996607000151,67.90580463946155,44.9306298652693,23.808973311876837,4.408452103413594,-13.395813236171316,-29.717095853445272,-44.653355799392834,-58.28399947366848,-70.66716285933714,-81.83756325467377,-91.8049516771765,-100.55318643669642,-108.03993775815685,-114.19702370484423,-118.93136873953709,-122.12656771620517,-123.6450296140432,-123.33066672575741,-121.01208627009731,-116.50623264307515,-109.62241999620932,-100.16668684051345,-87.94639724317453,-72.77500720596619,-54.47691023496308,-32.89227311028457,-7.881771555781214,20.668864057421022,52.844580666815546,88.69709596556886
1.0953125,127.11924094268541,170.57014957553002,217.68345548479337,268.35209722270764,322.4241777114695,379.70248722213705,439.9447456812535,502.8645740863388,568.1331924206501,635.3818290602413,704.204814475802,774.1633202571851,844.7896933312816,915.5923248947797,986.0609842189662,1055.6725392642954,1123.896979108518,1190.2036476627327,1254.0675941199581,1314.9759431205991,1372.4341867717776,1425.9723014389772,1475.150594627237,1519.5651912461742,1558.8530740428569,1592.696599897438,1620.82742189311,1643.0297564566781,1659.1429452613659,1669.06327281481,1672.7450125336736,1670.2006864322323,1661.5005361182887,1646.7712153844366,1626.193727094383,1600.0006390839812,1568.472625223159,1531.9343884263692,1490.7500320775334,1445.3179548891526,1396.0653515023241,1343.4424070346372,1287.916278200057,1229.9649564886581,1170.0711101609052,1108.716001465709,1046.3735735463595,983.5047979946032,920.5523690187225,857.9358238009489,796.0471609513489,735.2470201596401,675.8614763614302,618.1794911434921,562.4510528950117,508.886025552747,457.65371386907793,408.88314112488774,362.6640232715766,319.0484117573996,278.05296589481804,239.66180466793807,203.82987747393102,170.48678357110836,139.54096114383574,110.88415912966275,84.3960986012487,59.949225934588135,37.413457632935774,16.66081687990857,-2.4301350940864554,-19.970163902058538,-36.055605773445926,-50.76506229680841,-64.15660628443932,-76.26554635833843,-87.10278539725442,-96.6537961403413,-104.87822628019345,-111.71013530782317,-117.05885601502368,-120.8104646444192,-122.82983494368618,-122.9632426562937,-121.04147822491947,-116.88341678682916,-110.29998610213849,-101.09846514239813,-89.08703896876015,-74.0795295235385,-55.9002172841732,-34.38866556781404,-9.404457751056428,19.16824215294347,51.41639322811467,87.39412980227698
1.1234375,125.32636217065054,168.97480719799398,216.34976642875836,267.34767870420956,321.8201671485938,379.573464082793,440.36855135299004,503.92202781017244,569.9077033483605,637.9589065359595,707.6714806693183,778.607431250383,850.2991766441295,922.2543431987305,993.9610365915175,1064.8935127594884,1134.5181646285628,1202.299735093449,1267.7076624193132,1330.2224615113912,1389.3420433773056,1444.5878756097432,1495.510888837486,1541.6970377964428,1582.7724308981665,1618.4079488345014,1648.3232807422723,1672.290315627639,1690.1358369619181,1701.743479437961,1707.0549186322944,1706.0702765556923,1698.847738587661,1685.502389868291,1666.2042916524533,1641.1758302075993,1610.6883823547153,1575.0583525192235,1534.6426459946529,1489.8336518625954,1441.0538165127882,1388.749894843115,1333.386970891141,1275.4423427814247,1215.399368418699,1153.7413682957108,1090.945680124086,1027.4779567730961,963.7867942780184,900.2987705467443,837.4139679643089,775.5020445061332,714.8989083763566,655.9040407566578,598.7785001619226,543.7436303345875,490.9804817500071,440.6299448233493,392.79358096383504,347.53512585777685,304.8826279052629,264.83117370317717,227.3461419769398,192.36691754992694,159.81098797612307,129.5783375782838,101.55604712754908,75.62300262626754,51.6546139942464,29.52744425650963,9.123652324388368,-9.664842298806358,-26.932556759199763,-42.75707798867992,-57.196194254288976,-70.28557541333606,-82.0370398197597,-92.43743388450011,-101.4481390626328,-109.00521060327655,-115.02014265287033,-119.38124504436117,-121.9556081174599,-122.59162304234376,-121.1220163094505,-117.36734836514611,-111.13991798063468,-102.24800607102591,-90.50038559518234,-75.71101812397372,-57.70385289452835,-36.31764085499009,-11.410674478179406,17.134635941390272,49.40743717124283,85.46444348587562
1.1515624999999998,122.84164723956877,166.64624171888613,214.24359075511188,265.5337416202874,320.3719352954119,378.56793401283613,439.8860603627811,504.0459616234476,570.7241007102486,639.5559627919674,710.138954403963,782.0359600115099,854.7795096442075,927.8765006294707,1000.8134067810383,1073.061899812918,1144.0848003975493,1213.3422702954158,1280.2981524552529,1344.4263629976344,1405.2172376026995,1462.1837350501341,1514.8674025044068,1562.8440105710347,1605.728771113884,1643.1810572368452,1674.9085525886546,1700.6707661173386,1720.281858430532,1733.612736841287,1740.592387812572,1741.2084276618527,1735.506864845737,1723.5910797042666,1705.6200399938762,1681.8057826682893,1652.4102039740005,1617.7412108170515,1578.1482963483215,1534.0176116388795,1485.7666130269133,1433.8383710859866,1378.6956320871425,1320.8147262254522,1260.6794187030357,1198.774799980239,1135.5813101280023,1071.5689892686598,1007.1920416382702,942.8837949262057,879.0521293567479,816.0754426046842,754.2992072330012,694.0331670713837,635.549207995198,579.0799270965916,524.817912442021,472.91573365677567,423.4866316283272,376.60588382302825,332.31281019702817,290.6133735743987,251.48331778600573,214.87177694966022,180.70528019764333,148.8920681446375,119.32663071989778,91.89437099711938,66.4762967023107,42.95364049385187,21.212312122946347,1.1470902641344398,-17.33453099249525,-34.30891664381626,-49.83335097837256,-63.94363629520779,-76.65227074513953,-87.94723391492639,-97.79139734237675,-106.12256640995547,-112.85414997951891,-117.87644455723361,-121.05851054071734,-122.25060906279667,-121.28715905298527,-117.9901654328788,-112.17306098013935,-103.64489653932633,-92.21480716348243,-77.69667567948565,-59.91391030337454,-38.704249471769366,-13.92450513692408,14.544844520217968,46.79530063825471,82.88631215005027
1.1796875,119.64502397434988,163.5648356936352,211.3456360325415,262.8911825891799,318.0604264132291,376.66674295733367,438.47787079570503,503.2165736612408,570.5620291536756,640.1519351511267,711.585312729655,784.4259724714717,858.2065996274496,932.433402889918,1006.5912617111329,1080.1492983398127,1152.5667931932885,1223.2993559658782,1291.8052601024035,1357.5518450218556,1420.0218888169793,1478.7198541108364,1533.1779113238492,1582.9616467694632,1627.675367701692,1666.966922605306,1700.5319625465806,1728.117578163466,1749.5252567220098,1764.6131144355597,1773.2973707539988,1775.5530433884185,1771.4138552397733,1760.9713569395374,1744.373281175681,1721.8211571588704,1693.5672252774762,1659.9107029996296,1621.19346322211,1577.7951953702286,1530.1281274686592,1478.631393999966,1423.7651395373075,1366.0044517977735,1305.8332198560095,1243.7380137551277,1180.2020806518226,1115.6995499617483,1050.6899357837108,985.6130192576277,920.8841865568445,856.8902900579798,793.9860910179372,732.4913319804772,672.6884763068983,614.8211408557339,559.0932361035885,505.6688160764344,454.67262851068364,406.19134383553296,360.2754299986826,316.9416289736048,276.17598011517515,237.93732551265074,202.16122329600233,168.76418670047966,137.64815985562527,108.70513605693901,81.82182104105729,56.88424283426761,33.78221130974119,12.413534752860686,-7.312092615811015,-25.469609393229003,-42.11557876549214,-57.285708476055845,-70.99294213157499,-83.22615299625994,-93.9494598443842,-103.10217344976618,-110.59937190992441,-116.33309313992903,-120.17412339154458,-121.97435144058059,-121.56964908590471,-118.7832298476495,-113.42942935214546,-105.31784302362472,-94.25774958212321,-80.0627426980858,-62.555488187943375,-41.57252053141044,-16.968990388132244,11.376725720506553,43.55864127585301,79.63908612830978
1.2078125000000002,115.71869758332257,159.71327348462185,207.63892975555876,259.40322992046106,314.8689218392276,373.8530729358719,436.1269094430627,501.4163770733249,569.403428394911,639.7280298994878,711.9908695133863,785.7567333360297,860.5585088946782,935.9017613817393,1011.2698193756153,1086.1292976095497,1159.9359765989457,1232.1409524993733,1302.19696555626,1369.564812009673,1433.7197423950176,1494.1577488671714,1550.4016454788696,1602.006848243639,1648.5667662621222,1689.717721114429,1725.1433190217942,1754.5782088361532,1777.8111685831382,1794.6874739002437,1805.1105130994115,1809.0426255505859,1806.505152429091,1797.577701387262,1782.396639189543,1761.1528385806039,1734.0887174328138,1701.494619345352,1663.704595156139,1621.091654108284,1574.062561530483,1523.0522667119005,1468.5180500649656,1410.9334825871165,1350.7822929938923,1288.5522386670643,1224.7290757366793,1159.7907212170342,1094.2016961931452,1028.4079336824338,962.8320280770587,897.8689951293647,833.8826024194766,771.2023202993629,710.1209326121422,650.8928352158765,593.733038675171,538.8168795946664,486.28043312005553,436.221607276359,388.7018881897596,343.74869397958116,301.3582843422088,261.4991627224688,224.11589865117625,189.13328953247876,156.46077415210675,125.997004751851,97.63448100119207,71.26414789772745,46.77986077172658,24.082624250979368,3.0845181772104175,-16.287768220341917,-34.089862537759984,-50.35715320182884,-65.1027968222599,-78.31632248717015,-89.96285491266939,-99.98296716201035,-108.29316301095795,-114.7869789094524,-119.33668577720945,-121.79556147766138,-122.00069569224235,-119.77628008697765,-114.93732822042642,-107.2937617417507,-96.65479226452584,-82.83352208518288,-65.65168184608731,-44.94441949854815,-20.565052639824817,7.610304423318111,39.678326642528944,75.70436247740543
1.2359375,111.04609755625805,155.075461037404,203.10771368470085,255.05431441243118,310.7818893315668,370.1112722102461,432.81724523636336,498.62899931907725,567.2313211004241,638.2665015883751,711.3369490819639,786.0084770497828,861.8142260524927,938.2591678676526,1014.8251298691249,1090.9762686075335,1166.1649135893015,1239.8376955966041,1311.4418686440185,1380.4317309206074,1446.2750478842038,1508.4593800965094,1566.4982194252714,1619.9368398771956,1668.3577735199503,1711.3858276339658,1748.6925663106645,1780.0001880646926,1805.08474051436,1823.7786236473985,1835.9723444530741,1841.6154975772972,1840.7169589453094,1833.3442917902744,1819.6223770159836,1799.7312920980205,1773.9034745844622,1742.4202174956972,1705.6075543554527,1663.8316010376027,1617.49342992879,1567.0235589480671,1512.8761436164307,1455.5229645402524,1395.4473052980313,1333.1378167613173,1269.0824633276388,1203.7626444132131,1137.6475808911957,1071.1890510388791,1004.816554071466,938.9329716104753,873.9107886011491,810.088925411345,747.7702222821515,687.2196061326503,628.6629581243742,572.286688537955,518.2380135702831,466.6259167791192,417.5227662265821,370.9665470383373,326.96365823650814,285.4922124674214,246.50576780112235,209.937412336656,175.70411515810227,143.71125154374562,113.85720654624578,86.03795942893781,60.15155218822898,36.102348619087934,13.804996032236447,-6.811990429027965,-25.80309129505359,-43.2031536094582,-59.02531695896961,-73.2595306527395,-85.87168625784206,-96.80337833707522,-105.97229537305033,-113.27323249597615,-118.57970769787626,-121.74615364027515,-122.61064790491373,-120.99813561467187,-116.72408984582525,-109.59854730108124,-99.43044949268764,-86.03221339124642,-69.22445032077634,-48.84074799603291,-24.73242814393423,3.2268087725382797,35.13643954444822,71.06496046821555
1.2640625,105.61294299844249,149.63761508768314,197.7385553344272,249.83120132623608,305.7861335439549,365.42802209673584,428.53527007394865,494.8403745429708,564.0310142241118,635.7518606467154,709.6070973469604,785.1636196202049,861.9548756974776,939.4852991776655,1017.2352723043939,1094.6665504057605,1171.2280696757764,1246.3620536086678,1319.5103279198522,1390.1207497952516,1457.6536548734346,1521.588224526115,1581.4286767780484,1636.710186586092,1687.0044451407705,1731.9247732970805,1771.1307110942403,1804.332013472089,1831.2919915988364,1851.8301495347378,1865.8240770961427,1873.2105715673201,1873.9859731354882,1868.2057113923647,1855.9830727438718,1837.4872108885843,1812.9404344587292,1782.6148172647881,1746.828187156773,1705.9395591353934,1660.3440868550865,1610.467613917535,1556.7609122402741,1499.6936992052074,1439.7485281770323,1377.4146482891663,1313.1819291098216,1247.5349439363547,1180.947302062509,1113.8763154881133,1046.7580792866422,980.0030373288554,913.9920964162473,849.073342259246,785.5594003070148,723.7254733711791,663.8080764600763,606.0044774258048,550.4728400892213,497.33305460387555,446.66822809452475,398.52679719779627,352.92521318006624,309.85113995901435,269.26709578178657,231.11446071956908,195.3177647717541,161.78916551527124,130.4330201868741,101.15045513333712,73.84383593064143,48.421044271980826,24.799472919916344,2.9096574067468466,-17.30152760869097,-35.868168828540675,-52.80316170349896,-68.0966429618783,-81.71503473352931,-93.60071523038171,-103.67231989059775,-111.82566630930886,-117.93528613371247,-121.85653734288822,-123.42826093186201,-122.4759369904965,-118.81528658200315,-112.2562578069982,-102.60732714908792,-89.68004081907176,-73.29371552990366,-53.280214110948776,-29.488708747182574,-1.7903435102709857,29.917291702591832,65.70596166696127
1.2921874999999998,99.40609941723724,143.38709246710573,191.51915166649732,243.72177055071614,299.86955494994595,359.7910771275608,423.26842287005064,490.03745431499607,559.7887993744718,632.1695664184555,706.7857706387563,783.2054464311561,860.9624084210598,939.5606126182768,1018.4790588116906,1097.1771658833347,1175.1005433962878,1251.6870757354077,1326.3732293764429,1398.6004896264203,1467.8218304902216,1533.5081202226565,1595.154365642521,1652.2857004086131,1704.4630261531331,1751.2882205748117,1792.4088332260626,1827.522197674912,1856.3788978506218,1878.7855365388687,1894.6067650078305,1903.7665444357149,1906.248621976781,1902.0962167427213,1891.4109234803223,1874.3508540848932,1851.1280490949641,1822.005202765835,1787.2917560266924,1747.3394214093626,1702.5372127340534,1653.3060598049046,1600.0930944836737,1543.3656991745008,1483.6054118932784,1421.301783664593,1356.9462839685086,1291.0263483570043,1224.0196592119144,1156.388745985914,1088.5759852438437,1020.9990735154825,954.0470375151474,888.0768368278863,823.4106038689241,760.3335549632782,699.0925949399196,639.8956258618218,582.9115585859399,528.2710139230476,476.0676883947195,426.36034810509227,379.1754031998392,334.5100049245018,292.33559759062575,252.6018490139302,215.24087544452047,180.1716709391992,147.30464682163972,116.54618461548631,87.8031058407875,60.98696445702505,36.01807249945021,12.829176415215997,-8.631289560507232,-28.39643637412586,-46.478691625814015,-62.86814998901785,-77.53153122515322,-90.41176284847876,-101.42819327641962,-110.47743052028103,-117.43479112789525,-122.1563341534203,-124.48144538010831,-124.23592787550388,-121.23554627957049,-115.28996412682923,-106.20700613282392,-93.7971709035306,-77.87831412803014,-58.28041815238939,-34.85036104462986,-7.456596952535184,24.00634020392973,59.61359584676208
1.3203125,92.41467829213133,136.31351360109414,184.43947482661935,236.71618268511722,293.02233418713234,353.19046539463653,417.00640347566895,484.2094325646646,554.4931860772435,627.5072659715499,702.8595772060643,780.1193535289859,858.8208389564008,938.4675780592454,1018.5372576764149,1098.4870330843721,1177.759263147652,1255.7875716964036,1332.0031464525052,1405.8411823573676,1476.7473732204148,1544.1843542592235,1607.6379983652926,1666.6234708010875,1720.6909504845555,1769.4309309903158,1812.4790208096906,1849.5201701580986,1880.2922605684437,1904.5890035134005,1922.262105190037,1933.222666194553,1937.4417969182643,1934.9504419052882,1925.838418919339,1910.2526908619755,1888.3949007593926,1860.5182115878324,1826.9235035452107,1787.9549913185174,1743.9953327773408,1695.4603081972884,1642.7931554570057,1586.4586515568424,1526.9370341983185,1464.717858990592,1400.2938880895663,1334.1551047312098,1266.7829452251817,1198.6448355866867,1130.1891141881158,1061.8404147156182,993.9955754480718,927.02013158355,861.2454371810655,796.9664524317653,734.4402205965271,673.8850472175741,615.4803822972007,559.3673941955276,505.65021218206306,454.39780302698364,405.6464358817282,359.4026791274725,315.64686303640593,274.33693319564753,235.41261192295084,198.7997786242679,164.41497548929217,132.1699423638603,101.97608429881863,73.7487772818189,47.41142201126322,22.89916212175254,0.16219172724309946,-20.831412889989046,-40.093391609590356,-57.613571393155986,-73.35874058187937,-87.27214569161137,-99.27361846537663,-109.26032998672052,-117.10815812820229,-122.6736444985901,-125.79650735160574,-126.30266764730725,-124.00773667432863,-118.72090545013515,-110.2491686553165,-98.40180928680294,-82.995064699912,-63.85689040813407,-40.83173505923651,-13.785238513967364,17.3912350087565,52.77631515417054
1.3484375,84.62948621810538,128.40819808445195,176.49119507920386,228.8062903635854,285.23633290021263,345.61788013144513,409.74055630275296,477.34712262498806,548.1342736802425,621.7541623569974,697.8166433626935,775.8922132180559,855.5156127980133,936.1900471535624,1017.3919667230335,1098.5763443034411,1179.1823734707336,1258.639506661933,1336.3737449913388,1411.8140871739176,1484.3990417534803,1553.583105237349,1618.8431087521762,1679.6843374591929,1735.6463301760996,1786.3082713944639,1831.29389407779,1870.275819172961,1902.979266540808,1929.1850818631676,1948.7320348490002,1961.518355560434,1967.502487717869,1966.7030502198368,1959.1980106201254,1945.1230867322472,1924.66940467122,1898.0804532916618,1865.6483859448144,1827.7097305723337,1784.6405782142397,1736.8513278822236,1684.781072309045,1628.8917142234454,1569.6619064369802,1507.5809111091285,1443.1424740523653,1376.8388088495112,1309.1547829092922,1240.56239343735,1171.515615729399,1102.4456993051087,1033.7569793209889,965.823261571427,898.9848293661738,833.5461098265508,769.7740258426678,707.897048250961,648.1049508924091,590.5492592567175,535.3443715591086,482.56931948099583,432.27012458065474,384.4626956997817,339.13620272950715,296.2568530546191,255.77198909960975,217.61441891581404,181.70688695212218,147.96658930869373,116.30963710391177,86.65537322361175,58.930451682784025,33.072594987906776,9.033952980582475,-13.216003702251728,-33.68811163550595,-52.37170870073961,-69.23342713986155,-84.21660671886768,-97.24133767557949,-108.20513201114194,-116.9842109829621,-123.43538637733369,-127.39850328725397,-128.69940271822531,-127.15335344966232,-122.56889428771284,-114.75202028576221,-103.51063983245241,-88.65922387250578,-70.02356408592708,-47.44555374123979,-20.787903266481997,10.061297577047993,45.18425763952716
1.3765625,76.04354321788583,119.66469293265219,167.668218187334,219.98618386333777,276.50564659264097,337.0672387461632,401.46443440752216,469.4435251744254,540.7043219118984,614.9015865021366,691.6471854052363,770.5129446757004,851.0341741823264,932.7138173597215,1015.0271720753669,1097.4271183126036,1179.3497795174856,1260.2205367892157,1339.4603087423543,1416.4920049443572,1490.7470574201147,1561.6719328761153,1628.7345280640393,1691.430352083144,1749.2884023913034,1801.8766458079276,1848.8070217735549,1889.7398924813417,1924.3878730924155,1952.518984946252,1973.9590853165162,1988.5935386637764,1996.3681063079644,1997.2890437844828,1991.4224076515259,1978.8925859727183,1959.8800788998913,1934.6185675215206,1903.3913202268718,1866.526996079526,1824.3949139265837,1777.3998640389643,1725.9765458516722,1670.5837207408624,1611.698172652215,1549.808571723217,1485.4093367888015,1418.9945918211138,1351.052308953496,1282.0587268267427,1212.473127648727,1142.7330496771963,1073.2500039418144,1004.4057550555743,936.5492160819613,869.9939967871978,805.0166333861595,741.8555162564456,680.7105202147466,621.7433299838514,565.0784415817891,510.80480868579275,458.9780917124777,409.6234565685606,362.73885993735485,318.29874877386345,276.25809361439923,236.55666862146833,199.12348625194227,163.88129131787016,130.75101822377474,99.65611645131007,70.52665294904551,43.303105866773876,17.939771813573046,-5.592281828843028,-27.302777454292823,-47.180347236422406,-65.1912474856502,-81.27869050353797,-95.3628055053558,-107.34122892758502,-117.09031357469614,-124.46693561811759,-129.3108684565442,-131.4476829095549,-130.6921242026811,-126.8519078022356,-119.73186849352497,-109.13839030941915,-94.8840391595556,-76.79231543202987,-54.70244057221927,-28.474089796061083,2.008017254517044,36.82975491466102
1.4046875,66.65099218395075,110.07765866067258,157.96554999481296,210.25103624651308,266.82543256350215,327.5334959533736,392.172600365056,460.4926195320478,532.1965353839672,606.9417777949511,684.3422892165851,763.9712955515113,845.3647526727867,928.0254264903315,1011.4275536080269,1095.0220195909008,1178.2419828442746,1260.5088642516914,1341.2386161615937,1419.8481791680115,1495.7620314873504,1568.4187336561124,1637.2773708002571,1701.8237958663562,1761.5765799404353,1816.0925800681603,1864.9720407592722,1907.8631525140365,1944.465999130769,1974.5358351004375,1997.885644907094,2014.3879473553332,2023.9758199484565,2026.6431306440797,2022.4439768109833,2011.4913436927577,1993.9550069409972,1970.0587156082977,1940.0767031918208,1904.3295847045613,1863.179707151906,1817.0260290495992,1766.2986116012023,1711.4528097447933,1652.9632553917454,1591.317727751719,1527.01100663179,1460.538804005513,1392.391866989223,1323.0503416845004,1252.9784822200738,1182.6197828503796,1112.3926032599607,1042.6863484199828,973.8582545971901,906.2308225888187,840.0899281175259,775.6836277377654,713.2216667463093,652.8756836165034,594.7800935442071,539.0336219545942,485.70144742469205,434.8179025855453,386.38967135471006,340.3994115125436,296.8097234005909,255.56737863913926,216.60771749942788,179.8591201815039,145.24745595959337,112.7004151071061,82.15163174182175,53.54451115166202,26.835682559469,1.9980073402570873,-20.97691697503847,-42.07680540377165,-61.267323785868015,-78.49134172522717,-93.66881364334762,-106.69729001315085,-117.45304983085947,-125.79283478785095,-131.5561554520286,-134.56813009479998,-134.64280766280757,-131.5869178799412,-125.20398368995224,-115.29872434897221,-101.68167159628551,-84.17391661462013,-62.61190206890433,-36.852171493537234,-6.775987762845505,27.70626662530027
1.4328125,56.449280007864175,99.64509374065007,147.3815605732047,199.5994031851682,256.1942410504502,317.0150015550225,381.86300572160746,450.49175956514887,522.6074705299964,597.8702964649276,675.8963223837322,756.2602480488272,838.4987574146867,922.1145293843766,1006.5808383663914,1091.346682959682,1175.8423719177033,1259.4854885060615,1341.6871476120014,1421.8584546045997,1499.4170710755996,1573.7937902802576,1644.439024386879,1710.8291065472417,1772.472313304588,1828.914516921154,1879.7443827664338,1924.5980338682236,1963.163112975349,1995.18218187572,2020.4554080990117,2038.8425003357916,2050.2638657364,2054.7009745151104,2052.1959297722315,2042.8502529497296,2026.8229076450866,2004.3275964175862,1975.6293765321154,1941.0406511094875,1900.916601714373,1855.6501368543932,1805.666438048367,1751.4171909314423,1693.374593207927,1632.0252340718914,1567.863940951645,1501.3876890843512,1433.0896675070178,1363.4535916022774,1292.948347430687,1222.0230468087038,1151.1025645682637,1080.5836207938485,1010.8314612253373,942.1771785997058,874.9157066485039,809.3045069394599,745.5629569166367,683.8724355165696,624.3770907751476,567.1852620449024,512.3715179687539,459.9792603646873,410.0238338419504,362.4960714907054,317.36619858770825,274.5880091886103,234.1032249941692,195.84594223687225,159.74707075372356,125.73867003832589,93.75808994995467,63.75182882883683,35.679028833244,9.514537076848576,-14.748528767034152,-37.09676071454398,-57.49502534039812,-75.88564027182876,-92.18817759958495,-106.29989801390174,-118.09680832797115,-127.43532430912087,-134.15451044044877,-138.07885842574606,-139.02155698747063,-136.78819687598144,-131.18084711818025,-122.00243151509083,-109.0613283909801,-92.17611174115449,-71.18034835013599,-45.927363265124654,-16.294885293239226,17.81051500458713
1.4609375,45.43661755244455,88.3657424431557,135.91534425470374,188.03053994384794,244.6112943282352,305.5107471962308,370.53421128566606,439.4388736868977,511.9342217266066,587.6832024391944,666.3041125394885,747.3732035850712,830.4279749705014,914.9711157372981,1000.4750451143424,1086.3869914144661,1172.134539582222,1257.1315694763302,1340.7845000202387,1422.4987487860856,1501.6853124880831,1577.7673713227841,1650.1868191511724,1718.4106221894024,1781.93691115205,1840.3007156376036,1893.079254897444,1939.8967058982953,1980.4283776612144,2014.4042301030113,2041.6116858638766,2061.897694706117,2075.170021827287,2081.3977436494574,2080.6109471200366,2072.899641079492,2058.4119006076967,2037.3512772468903,2009.973519415155,1976.5826579796887,1937.5265216772543,1893.1917556892745,1843.9984240599765,1790.394282668064,1732.8488140295603,1671.8471182515962,1607.8837559300757,1541.4566386723016,1473.0610612401674,1403.1839660891173,1332.2985263878024,1260.8591275325189,1189.2968198310966,1118.0153065535153,1047.387522077823,977.7528445576503,909.4149765667537,842.6405157042326,777.6582253380923,714.6590036876262,653.796537455237,595.188614370945,538.9190574638351,485.04023278650084,433.576071867763,384.525540552961,337.86647733215233,293.55971699948554,251.5534097893066,211.78744224679096,174.19786422994855,138.72122675738325,105.29873797046484,73.8801492142877,44.42728998614246,16.917178975916737,-8.655351722056913,-32.27557129791032,-53.907344424946665,-73.49223383331723,-90.9492283667983,-106.17510205428364,-119.0453984593553,-129.41602369110265,-137.12542102146213,-141.99729010894566,-143.8438044379836,-142.46927183065037,-137.674174879476,-129.25952101132603,-117.0314257582724,-100.80584781787888,-80.41339075888516,-55.70408387694727,-26.552053812148408,7.140000841405457
1.4890625,33.61447087677702,76.241634322568,123.56930314606244,175.54702427347806,232.07914394463296,293.02305254877206,358.1880965458676,427.33519151945654,500.1771589832602,576.3797976614749,655.5636877877197,737.3067147307592,821.1472861681075,906.58820530027,993.1011514314573,1080.131708829923,1167.1048753025084,1253.430973537363,1338.511881131082,1421.7474894455072,1502.5422971356118,1580.312041428613,1654.4902690652018,1724.5347492583455,1789.9336330786643,1850.2112673048814,1904.9335759243456,1953.7129290466967,1996.2124268942189,2032.1495356233147,2061.299021861001,2083.4951438386033,2098.6330686877727,2106.6694976357094,2107.6224932930013,2101.570515760044,2088.6506866768827,2069.0563123989305,2043.0337089962504,2010.8783825550336,1972.9306281276445,1929.5706194692086,1881.2130692699386,1828.3015458205084,1771.3025368334095,1710.6993544125664,1646.985976868696,1580.660923199513,1512.221254598917,1442.1567943630462,1370.9446530845175,1299.0441401553535,1226.892135442281,1154.8989866831646,1083.4449888240433,1012.8774913281808,943.5086686050549,875.613977294876,809.4313123695491,745.1608620373119,682.965649425361,622.9727371194062,565.2750590190446,509.9338327873975,456.9814956101578,406.4250962304859,358.25006751270877,312.42429635170635,268.9024018401858,227.63012848051335,188.54875909759238,151.59945212929512,116.72741020768746,83.88579135591924,53.03928055710545,24.167247645001208,-2.733572911854056,-27.64693408300775,-50.53550259394848,-71.33989016462928,-89.9783085577293,-106.34685567141003,-120.32042853237485,-131.75424803594223,-140.4859697069209,-146.33834467639832,-149.1223855510621,-148.64098297658234,-144.6929105684058,-137.07714862271968,-125.5974507584533,-110.06707251036526,-90.31357701778504,-66.18363044110875,-37.54769867290726,-4.304557348155977
1.5171875,20.985391986212374,63.27587206611296,110.34689583721936,162.15247010234276,218.60135385498933,279.55522266044,344.8274962835672,414.1828650583633,487.3375391466482,563.9602329805027,643.6738850292319,726.0581007872695,810.6522947558739,896.9594953983506,984.4507657894244,1072.5701821488608,1160.740302829233,1248.368051784219,1334.8509332247427,1419.583488202511,1501.9638993479784,1581.4006470114498,1657.319118664937,1729.1680736444707,1796.4258671463008,1858.6063408070866,1915.2642921420202,1966.0004415040655,2010.4658229562974,2048.365534388389,2079.461792208576,2103.5762468363805,2120.5915268264694,2130.4519915760293,2133.16368500352,2128.793495127514,2117.467536910517,2099.3687878562487,2074.7340174574088,2043.8500624912976,2007.0495101717052,1964.705860121993,1917.2282438895284,1865.0557871493527,1808.6517047431582,1748.497222190236,1685.0854192393983,1618.9150913809397,1550.4847240093004,1480.2866711514705,1408.8016264106939,1336.4934681021855,1263.8045535823378,1191.1515296200917,1118.9217164697377,1047.4701132319412,977.1170612957008,908.1465913038583,840.8054673447607,775.3029301064392,711.8111286979231,650.4662189034747,591.3700939491471,534.5927025930532,480.1748986798259,428.1317564233498,378.4562768194167,331.12340298128174,286.09425608704703,243.3204992736209,202.74873442320677,164.324836522512,127.99813220609576,93.72533319391606,61.47414146035444,31.226450888202983,2.981079549930476,-23.244022738786285,-47.41013569560055,-69.4567311121552,-89.30105729065762,-106.83835428983271,-121.94269741601893,-134.4684552665364,-144.2523379305968,-151.11600074430135,-154.86915935077013,-155.31316281814463,-152.2449633186345,-145.46141348839868,-134.76381619808478,-119.96264619662341,-100.8823590685057,-77.3662002743694,-49.280925811265554,-16.521346290376428
1.5453125,7.555393788298724,49.475050214575894,96.25509574475397,147.85402097703738,204.1850240786887,265.11409661977444,330.45876874948976,399.9875506161655,473.4200956622044,550.4280996238768,630.6369369365764,713.6280239980621,798.9418865868867,886.081896880482,974.5186341719007,1063.6948127418789,1153.0307105874529,1241.9300240083635,1329.786065558509,1415.9882167115222,1499.9285418743752,1581.0084671932448,1658.6454259882692,1732.2793726579987,1801.3790685125223,1865.4480462012757,1924.0301641454416,1976.7146685870462,2023.140688424877,2063.0010967947546,2096.0456832220034,2122.0835909619136,2140.984985668908,2152.681933604019,2157.168480000874,2154.4999307548305,2144.79135306824,2128.2153228686084,2104.998958512272,2075.420291299444,2039.8040334742466,1998.5168134982355,1951.9619563182405,1900.5738929705324,1844.8122890674435,1785.155985418946,1722.096846195356,1656.1336106111844,1587.7658431039902,1517.4880744235434,1445.784221989364,1373.1223723978794,1299.9500021655522,1226.689704803288,1153.7354832684434,1081.4496568851403,1010.1604211209971,940.1600873234073,871.7040178165762,805.0102598057615,740.2598694891002,677.597905799854,617.1350614541831,558.9498876291552,503.09155782240873,449.58310644635395,398.4250687044201,349.5994405222754,303.07387101136743,258.8059953683468,216.7478134768862,176.8500189381428,139.06618489329657,103.35671679775521,69.69248813794354,38.058082725339375,8.454576358800468,-19.098199030411653,-44.55995450189784,-67.86884063582092,-88.94096380238388,-107.67053273522878,-123.9306344083885,-137.57462697769952,-148.43812672364254,-156.34155559787638,-161.09320620507484,-162.49277193054675,-160.33528155287362,-154.4153701742942,-144.5318117838696,-130.49223336599337,-112.11792629980793,-89.24866796994476,-61.747465111324125,-29.505130500302197
1.5734375,-6.668047740357627,34.84721899341359,81.30232011719791,132.6602480785824,188.8386618672577,249.70789629557078,315.08962664192495,384.7562269204728,458.43084884971057,535.7882368453221,616.4562822608835,700.0183078524901,786.0160612609324,873.9533843982854,963.30051419973,1053.4989594536366,1143.9668885387487,1234.1049540474964,1323.3024726121987,1410.9438719087818,1496.4153119011064,1579.1113839937893,1658.4417899427333,1733.837902163681,1804.759108485862,1870.6988473987417,1931.1902443863855,1985.8112659610495,2034.189315395773,2076.0052027915503,2110.996431854244,2138.95975643665,2159.7529713433096,2173.2959139081518,2179.5706652366275,2178.6209525472555,2170.550766542663,2155.5222199782625,2133.7526853735503,2105.5112609305784,2071.1146240018174,2030.9223407159254,1985.3317084726596,1934.7722148258874,1879.699701677562,1820.5903276212653,1757.9344236436489,1692.2303381844838,1623.9783667678325,1553.674859071612,1481.8065924510088,1408.8454956482135,1335.2437998052199,1261.4296860666914,1187.8034901518863,1114.734514437081,1042.5584874810654,971.575699709196,902.0498323113064,834.20748446963,768.2383919771222,704.2963182953764,642.5005872975341,582.9382155142669,525.6665908309697,470.7166344695466,418.0963739462336,367.79484676348324,319.7862481147656,274.03423109684826,230.49626504893172,189.12795683415538,149.88724123308845,112.73835012258905,77.65547565679522,44.62605004314468,13.653573430987121,-15.24006842905528,-42.01284408781025,-66.60140964835614,-88.9205593558958,-108.86330571033949,-126.30158964557266,-141.0876099803985,-153.0557504074081,-162.0250718302461,-167.80232796673317,-170.18545289262642,-168.9674607084127,-163.94068988229498,-154.90131817788333,-141.65406853890983,-124.0170219940194,-101.8264506680004,-74.94158242777966,-43.24920861353543
1.6015625,-21.675172178858965,19.4027204246665,65.49927945970565,116.58201140443829,172.57305296593756,233.3471058887681,298.7300230607781,368.49808549706506,442.37799867280756,520.0476249848695,601.1374570514729,685.2328243162584,771.8768132187062,860.5738692374339,950.7940376125204,1041.977788706146,1133.541363954602,1224.8825693719325,1315.386935741697,1404.4341581139774,1491.4047221231895,1575.686621047629,1656.6820655074384,1733.8140872806837,1806.5329399168634,1874.3222016255495,1936.704490269702,1993.2467061271213,2043.5647253026398,2087.3274751581293,2124.2603327352454,2154.1477977166596,2176.8354028284275,2192.230836538681,2200.3042652562135,2201.087854769702,2194.6745031846394,2181.2158099014678,2160.9193170296076,2134.045070851208,2100.901561349039,2061.8411072235026,2017.2547620898295,1967.566824533973,1913.2290403025404,1854.7145890213149,1792.5119504165718,1727.118746019428,1659.0356517584662,1588.7604747103178,1516.7824836283714,1443.5770777785342,1369.6008721730225,1295.2872696244053,1221.0425812753733,1147.2427475417387,1074.2307008930302,1002.3144007488733,931.7655591545697,862.8190639799922,795.6730943253634,730.4899107778162,667.3972913083927,606.4905721007174,547.8352416420329,491.4700261826617,437.41039539819883,385.6524090038282,336.17681841555606,288.9533325674349,243.94495389051212,201.11228940238007,160.41774293777755,121.82949777173481,85.32520414992933,50.89529335414657,18.545848624724808,-11.699026783353478,-39.7953932574882,-65.67824757333356,-89.2609103317982,-110.43504185614118,-129.07128861491807,-145.02055080721522,-158.11585070093082,-168.17477074354625,-175.00242045311845,-178.3948817351236,-178.14307365858417,-174.03696997396764,-165.87009588504733,-153.44422491878478,-136.57419228834732,-115.09273801933033,-88.8552913947104,-57.74460803269291
1.6296875,-37.453001379273196,3.1551366004911934,48.85993908505378,99.63343274565928,155.40224403846997,216.04546171165526,281.39314644756524,351.2255284925665,425.2729230990184,503.2163819722751,584.6890868795347,669.2784793434788,756.5291081223597,845.9461641799185,936.9996612800176,1029.1292094015887,1121.7493180481376,1214.2551573972507,1306.02869725731,1396.445137108805,1484.8795352227305,1570.7135410605827,1653.3421329364264,1732.1802623014662,1806.6693070084839,1876.2832385129009,1940.5344121272983,1998.9788950987001,2051.221254329289,2096.918733894126,2135.7847619848544,2167.5917373679376,2192.173056714745,2209.4243560499976,2219.3039518757614,2221.832480054225,2217.0917430643485,2205.222788575822,2186.423254202791,2160.9440246114323,2129.0852576717125,2091.1918458912883,2047.6483877916025,1998.8737510462959,1945.315314985129,1887.442984382638,1825.743069234597,1760.712126439539,1692.8508589362784,1622.6581659184535,1550.6254342968627,1477.231156678589,1402.935954870388,1328.1780804055309,1253.3694549683578,1178.8923039935949,1105.0964263024014,1032.2971315648167,960.7738658126289,890.7695333317789,822.4905112029712,756.1073406965986,691.7560678291863,629.5401938252287,569.5331851835242,511.78148271936584,456.30793955942903,403.11560983746455,352.1918030172016,303.5123135908531,257.0457325800104,212.7577459661886,170.61532599757808,130.5907242662244,92.66518044027102,56.832267390943606,23.100801918413275,-8.502739952967868,-37.93235340167662,-65.12121986388073,-89.98103388098647,-112.40195705729312,-132.25320268986576,-149.3842431231965,-163.62662073686522,-174.7963327938061,-182.6967502507238,-187.12202115366364,-187.86090051173537,-184.7009406710538,-177.43296931671864,-165.85577643282,-149.78092696447086,-129.0376126558222,-103.47745467072698,-72.97916820206915
1.6578125,-53.98606479475294,-13.879449930514918,31.400766487827312,81.83113144227899,137.34276830884997,197.81916932345507,263.09463091358685,332.9533739728475,407.1293802114008,485.3069641456725,567.122088292902,652.1644169158419,739.980091429995,830.0751985506012,921.9198906263914,1014.9531065822752,1108.5878316636645,1202.2168249176432,1295.2187352205415,1386.9645198083847,1476.8240738050542,1564.1729752681827,1648.3992478546759,1728.9100423899936,1805.1381394239572,1876.5481772601024,1942.6425139165879,2002.9666369498243,2057.114041956376,2104.7305087502227,2145.517713554367,2179.2361258922815,2205.70715004245,2224.814482741434,2236.504671089371,2240.786867121504,2237.7317880507358,2227.4699035501244,2210.18888342417,2186.130350414524,2155.585993510399,2118.893106810983,2076.4296275578927,2028.6087542810385,1975.8732319635735,1918.689395637847,1857.5410668062216,1792.923398497436,1725.336764606757,1655.2807874398563,1583.2485941261777,1509.7213878528598,1435.1634137838357,1360.017392180379,1284.7004827566498,1209.6008348288042,1135.0747675013145,1061.4446131388977,988.997245859778,917.9833049200375,848.6171108036933,781.077259753385,715.5078705390845,652.0204456404888,590.6962978965204,531.5894832515297,474.73017071799154,420.12837231082904,367.777948728227,317.66080119270055,269.75115633611597,224.01984948030767,180.43851223192596,138.98357299349396,99.63998371758461,62.404592832507326,27.289092504175706,-5.677522025543276,-36.447032690235616,-64.9506588140356,-91.09832596684514,-114.77856028615894,-135.85901329585803,-154.1876106728777,-169.59430717823167,-181.89341918581883,-190.8864960071026,-196.36568161845094,-198.117509552884,-195.92706572929632,-189.5824469763118,-178.87943708284826,-163.6263174874003,-143.64872630638675,-118.79447738562148,-88.93825050305708
1.6859375,-71.25723523279451,-31.68330647134935,13.139868034916843,63.193349752285165,118.41276140580494,178.68601175316957,243.85165883698846,313.697954968961,387.9626058412668,466.33326465568814,548.4487702053393,633.9011256419019,722.2382024221619,812.9671418616778,905.5584150381532,999.4504906836247,1094.0550503744066,1188.7626809487579,1282.9489658167406,1375.9808898174113,1467.223466647218,1556.0464937281738,1641.8313367782928,1723.9776453364827,1801.9099010992213,1875.083703139003,1942.9916978596393,2005.1690668390372,2061.1984924287085,2110.7145290092562,2153.407317008659,2189.025587021483,2217.378912451159,2238.3391808486626,2251.8412663426884,2257.8828980442204,2256.523731853375,2247.883645489195,2232.1402885967527,2209.5259312606495,2180.323664979116,2144.863019951848,2103.5150712462905,2056.687113890199,2004.8169930726556,1948.3671803253478,1887.8186897296864,1823.6649298091922,1756.4055868029814,1686.5406334854456,1614.5645546357343,1540.960875730684,1466.1970755219277,1390.7199559690266,1314.9515346603937,1239.2855155022821,1164.0843832437909,1089.6771564906649,1016.3578224050125,944.3844644557248,873.979082539973,805.3280927050752,738.5834817304633,673.864580155963,611.2604061500422,550.8325220991246,492.61833618176,436.6347726990124,382.88222780234423,331.34872172532806,282.0141548967825,234.85457355831468,189.84635083370824,146.9701916253982,106.21487417987456,67.58064751632133,31.082211922381667,-3.2487808961515925,-35.36176098120969,-65.18584838295708,-92.62906664998506,-117.57817984294716,-139.8991595397005,-159.43827666103215,-176.0238016305823,-189.46828550440028,-199.57138436670272,-206.1231795887124,-208.90793759077215,-207.70824464439625,-202.30944511603033,-192.50430550482443,-178.0978217756968,-158.91208393918535,-134.79110966811092,-105.60555803380917
1.7140625,-89.24559702829261,-50.23488370093466,-5.900813876870124,43.74217641037934,98.63420675240182,158.66761188887227,223.6852351924238,293.47940049590113,367.79159587232897,446.31289154105366,528.6851021640347,614.5026916174519,703.3154060841458,794.6316092219483,887.9222814294156,982.6256340557077,1078.152278977812,1173.890884475615,1269.2142399373631,1363.4856447700768,1456.065531095499,1546.3182254831943,1633.6187521844156,1717.3595791330451,1796.957208396199,1871.8585147821605,1941.5467399152894,2005.5470542076475,2063.4316057108526,2114.823982710177,2159.403025995058,2196.9059368542908,2227.1306378314284,2249.937354952179,2265.2494023058007,2273.0531623229394,2273.3972676345566,2266.39100281149,2252.201956364369,2231.0529649284745,2203.2184023760933,2169.0198765116215,2128.8214048492946,2083.0241486066006,2032.0607903453788,1976.3896455586862,1916.488601860634,1852.84898124145,1785.9694210802643,1716.3498682705738,1644.4857779412316,1570.8626039080036,1495.9506622499387,1420.200442374681,1344.0384317399498,1267.8635111717665,1192.043967612566,1116.915160300546,1042.7778649870122,969.8973090046163,898.5028979712597,828.7886228181648,760.9141238355492,695.0063767111752,631.161954281491,569.4498071215661,509.9144963832248,452.57980367908533,397.4526355391721,344.5271342673863,293.78890310743515,245.21925166053728,198.79936758868874,154.51432281818458,112.35682667327274,72.33064447786153,34.45360794761843,-1.2398471167255778,-34.696670035062155,-65.84375447199633,-94.58709921803509,-120.81159024486709,-144.3814119076082,-165.14108347891298,-182.91710581263513,-197.52019196930402,-208.74804519960236,-216.38863787899348,-220.22393592233848,-220.03400499243435,-215.60142756565264,-206.71595374724416,-193.17930375025185,-174.81003626769476,-151.44839466483762,-122.96104206372078
1.7421875,-107.92750592301824,-69.50989490297988,-25.696597493839597,23.502434583162405,78.03181037700324,137.78829651306248,202.6190433042394,272.3204856238295,346.63795331717785,425.2660145633731,507.8495637391379,593.9856531864665,683.226056051188,775.0805352511615,869.0207818579923,964.4849749374748,1060.8829043847866,1157.6015886917082,1254.0113110606594,1349.471989981091,1443.3397944345572,1534.9739093988758,1623.7433543581662,1709.0337561468782,1790.253977688116,1866.84250602803,1938.2735064899423,2004.0624547185803,2063.771264774608,2117.012839166773,2163.454975644475,2202.823575568464,2234.9051095646605,2259.548307763407,2276.6650540402297,2286.2304761013984,2288.2822357907035,2282.9190364237597,2270.2983760752945,2250.6335873521084,2224.1902150870524,2191.2817934076998,2152.265092602997,2107.5349139864466,2057.5185174103167,2002.6697711207378,1943.4631171814221,1880.3874476839544,1813.9399873815478,1744.6202772343834,1672.9243506683692,1599.3391901810885,1524.3375463582572,1448.3731944922642,1371.8766959409102,1295.251722264178,1218.8719901766385,1143.0788446080526,1068.1795158353527,994.4460648988664,922.1150195094879,851.3876905584095,782.4311473273817,715.3798177419225,650.3376686991044,587.3809108350652,526.5611622894722,467.90899730191086,411.4377980722678,357.1478224628438,305.03039602302795,255.07213464723156,207.25910404463536,161.58082414180777,118.03403050983225,76.6261107757136,37.37814153875826,0.3274603051300881,-34.47028291655329,-66.93963875200747,-96.98446921588061,-124.48767717824944,-149.31156378559533,-171.29881135249914,-190.27407779100415,-206.046177600207,-218.41081391225705,-227.1538161902089,-232.05482900588774,-232.89138900360277,-229.44331979262225,-221.49736822305957,-208.85200039725254,-191.3222719536844,-168.7446847202121,-140.98194083516736
1.7703125,-127.27651618369465,-89.48124288285904,-46.219988585742165,2.501754854897766,56.63307358976123,116.07516849058784,180.67951636370887,250.24670214087453,324.52595794156747,403.2154336098329,485.9632115242815,572.3690663627324,661.9869582799292,754.3282358369088,848.8655132117588,945.0371749265248,1042.2524507380438,1139.8969936437743,1237.3388853144972,1333.9349858331805,1429.0375385221896,1522.0009359852008,1612.1885503573985,1698.9795292031638,1781.7754585535108,1860.006796237414,1933.1389819060971,2000.6781349246196,2062.176257532165,2117.235868247856,2165.51399929686,2206.7255017048733,2240.6456124932224,2267.111749921051,2286.0245147731534,2297.347888080254,2301.108628175847,2297.3948824313834,2286.3540411620424,2268.189872856806,2243.1589908655887,2211.5667117918333,2173.762374925161,2130.13419995795,2081.1037668348126,2027.120206781247,1968.654197267514,1906.1918558331577,1840.2286282997231,1771.2632659348383,1699.7919836266958,1626.3028871370125,1551.270752098849,1475.152230711662,1398.3815541763668,1321.3667899407149,1244.4867029347547,1168.0882593211832,1092.4848000256359,1017.9548996102619,944.7419140757056,873.0542090892789,803.0660481119612,734.9191081116359,668.7245791918444,604.5657937342656,542.5013207627348,482.56845241272987,424.78700186481495,369.1633261007869,315.6944825749532,264.3724265296942,215.18815533800466,168.135707968128,123.21593139809853,80.43993144071487,39.83213277861492,1.432881804395274,-34.69946417337939,-68.4870069577722,-99.83137089816454,-128.6133821549852,-154.69337436957952,-177.9121195603368,-198.092371564757,-215.04099823249598,-228.5516679652124,-238.40804620678813,-244.38744822252363,-246.26488608063173,-243.8174402783964,-236.82888005333874,-225.0944511971033,-208.4257462479505,-186.65556936390203,-159.64270704085524
1.7984375,-147.26297969070515,-110.11861388411677,-67.44026999390071,-19.229010807415722,34.46870955908708,93.55852501353053,157.89625636433988,227.2866771726065,301.48298354087086,380.1869935863306,463.05009060112457,549.6749118240942,639.6177725428566,732.391803120721,827.470764707536,924.2934980501097,1022.2689491611515,1120.7817058192372,1219.197970124542,1316.8718847771675,1413.1521245074832,1507.3886592794274,1598.939592592241,1687.177976481963,1771.4985047029381,1851.3239870560253,1926.1115109012042,1995.3582004983616,2058.6064908851176,2115.4488404244535,2165.5318148138217,2208.559485097086,2244.2960928982016,2272.5679475224024,2293.2645315558625,2306.338803937899,2311.806701974548,2309.745856200331,2300.2935441688473,2283.6439209602395,2260.044575240555,2229.7924699122996,2193.2293355897514,2150.736593167513,2102.729888497059,2049.653327537647,1991.9735042227633,1930.1734156253945,1864.746359785337,1796.1899107770455,1725.0000632709257,1651.665635024337,1576.6630105040315,1500.4513022847725,1423.4679991036378,1346.1251606062986,1268.806209043234,1191.8633576124712,1115.6157039597267,1040.3480056990818,966.3101428731227,893.7172601986468,822.7505699148841,753.5587842439994,686.2601350766034,620.9449277078597,557.6785654858684,496.50497331770043,437.4503403399334,380.5270959251049,325.7380287695845,273.0804562615948,222.55035077659736,174.1463310377461,127.87343018059894,83.74655756301426,41.793578480340244,2.057944542873388,-35.39918272936066,-70.49736183068207,-103.13589011372734,-133.19343525495475,-160.52829121008318,-184.9792587571135,-206.36713918115026,-224.49681847950922,-239.15990878146704,-250.1379036000561,-257.2057941763987,-260.1360856539227,-258.70314424534354,-252.6878000437902,-241.88212479090598,-226.09429985024366,-205.15348693092605,-178.91461283322158
1.8265625,-167.85460620145733,-131.3890476060103,-89.32408036820699,-41.656375390705115,11.572050573695286,70.27125973130366,134.3014324316719,203.47156909590228,277.53889286466665,356.20897981055236,439.13663187810516,525.9274956812843,616.1404181063612,709.2905175466542,804.8529377410739,902.2672398045705,1000.9423773205697,1100.2621894975678,1199.5913385442661,1298.281609742412,1395.6784863267508,1491.1279063275858,1583.9831050801295,1673.6114452167872,1759.4011356685214,1840.7677425165416,1917.1603974360005,1988.0676139121524,2053.0226273138037,2111.6081821808752,2163.460698601721,2208.2737591793934,2245.800868653634,2275.8574495803027,2298.3220493829663,2313.1367463829747,2320.3067548796516,2319.8992417827494,2312.0413794884944,2296.9176714353093,2274.7665978814152,2245.876639730679,2210.5817475265876,2169.256330886215,2122.309850525284,2070.1811005236077,2013.3322725128337,1952.2428959768451,1887.4037498072887,1819.3108396468117,1748.4595334018286,1675.338943661499,1600.4266406904753,1524.1837732623994,1447.0506669806944,1369.4429610207283,1291.7483345638839,1214.3238637299269,1137.4940387069187,1061.549459189655,986.7462143336569,913.3059413805449,841.4165450849546,771.233548252314,702.8820322692775,636.4591156744167,572.0369087884767,509.66587342423657,449.3785089540807,391.1932797520664,335.1186944516051,281.1574447393029,229.31051065802077,179.5811406689125,131.97861799902154,86.52172997622107,43.241863954371425,2.1856618290416856,-36.582825229519166,-72.98052962809248,-106.904344353265,-138.23070905354535,-166.81581832136706,-192.49645351897274,-215.09142791718165,-234.4036236887189,-250.22258854719973,-262.32764966847554,-270.4914930885687,-274.48414815694457,-274.077308950889,-269.04891794042004,-259.18793174314885,-244.29918462553414,-224.2082625783759,-198.76629938935
1.8546875,-189.0147200438955,-153.25516875812343,-111.83362401771925,-64.74240865290017,-12.019129626534117,46.250695152587085,109.93161905499615,178.8369072242979,252.72787427676872,331.31394709906533,414.2534690241325,501.15524968201066,591.5808526712185,685.0476010846218,781.0322690582709,878.9754160956068,978.2863101486296,1078.3483754969666,1178.525092526446,1278.1662687247178,1376.6145937173112,1473.2123860757872,1567.3084360292148,1658.2648461645508,1745.4637717476753,1828.3139634450345,1906.2570179587603,1978.773246361952,2045.3870756652443,2105.67190626591,2159.2543563080335,2205.8178334772556,2245.1053852076884,2276.9217895170223,2301.1348605209455,2317.675954911933,2326.5396781157124,2327.7828012543278,2321.5224122405284,2307.933336101752,2287.244870788228,2259.7368950746263,2225.7354145485133,2185.6076199391073,2139.756539043556,2088.6153691448117,2032.6415809982177,1972.3108881321887,1908.1111763267063,1840.5364876935707,1770.0811518024532,1697.2341528202917,1622.4738167261492,1546.2628964187898,1469.0441250590322,1391.2362994088076,1313.230945382746,1235.3896076649005,1158.0417942193474,1081.4835950002475,1005.9769823097768,931.7497882299552,858.9963425401367,787.8787427058209,718.5287160753029,651.0500235485953,585.5213438998387,521.9995688619001,460.5234312463119,401.11738199449354,343.7956273406586,288.56623438210886,235.43521241822376,184.41047849040987,135.5056186139113,88.74336114551143,44.15868541605345,1.8014969539166021,-38.26118992347333,-75.9436109454027,-111.14018981865317,-143.72508135433193,-173.55233412042048,-200.45667517841122,-224.25490786651358,-244.74790232292963,-261.7231476344597,-274.9578242717809,-284.2223459515108,-289.28431136342186,-289.9127984351276,-285.8829270903939,-276.9806109004633,-263.0074137308543,-243.78542453650542,-219.16206192544016
1.8828125,-210.70378670791146,-175.676738363634,-134.928244044981,-88.44632898537567,-36.26422313385426,21.536963432004384,84.82616859481817,153.42095982104465,227.08680916432115,305.5370905383552,388.4338166111471,475.38912074538274,565.9674772962373,659.6886414836014,756.0312781872935,854.4372375741644,954.3164246510887,1055.0521998333465,1156.0072385958126,1256.5297703900787,1355.9601104002804,1453.6373924885017,1548.9064079382333,1641.1244524072067,1729.6680828887627,1813.9396874664476,1893.3737732153438,1967.442881714532,2035.663047220737,2097.598719521092,2152.86708171745,2201.141702558479,2242.1554732726163,2275.7027899922036,2301.6409546106042,2319.8907790835215,2330.436390569873,2333.3242471998215,2328.661386451663,2316.6129399124866,2297.3989593946853,2271.290609796795,2238.605793561956,2199.7042799468154,2154.9824194332264,2104.8675293824544,2049.8120413575275,1990.2875033606515,1926.778531511285,1859.7768054157928,1789.7751996664797,1717.2621405971965,1642.7162726790116,1566.6015128497127,1489.362563741375,1411.4209483240863,1333.1716190579534,1254.9801843870625,1177.180784473308,1100.074636615827,1023.9292589979897,948.978369417847,875.4224436632385,803.4299063700014,733.1389157401479,664.6596925963432,598.0773341206027,533.4550434892549,470.8376986971221,410.25567738081435,351.72884960561964,295.2706475412983,240.8921198398099,188.6058794012029,138.42985606080651,90.39077046629708,44.527251883949816,0.8925306695277543,-40.44335458867994,-79.39188496942938,-115.84496286423605,-149.67441458728015,-180.7321094434658,-208.85069899368855,-233.8449686505199,-255.51378243703374,-273.6425908850245,-288.0064617636694,-298.3735837370941,-304.5091842678536,-306.17979523010274,-303.1577928856225,-295.226133217359,-282.18319920900194,-263.84767359290106,-240.06334893241288
1.9109375,-232.87830875460642,-198.60953450604137,-158.5632901519966,-112.7233606442669,-61.118637026626324,-3.825837319954398,59.028370344147184,127.2658931187517,200.65642806259106,278.91739582284515,361.7146117573149,448.6637010094038,539.3322519802402,633.2426905733652,729.8758457243546,828.6751652731639,929.0515303871186,1030.3886066831267,1132.0486611020024,1233.378765611946,1333.7173021002236,1432.400677467798,1528.7701540645444,1622.1786982603862,1711.997749182693,1797.6238104775468,1878.4847703605838,1954.0458591732552,2023.8151590881819,2087.3485874227204,2144.254283110097,2194.196335107403,2236.8978017356158,2272.1429809778842,2299.778903424275,2319.7160316493378,2331.9281621410364,2336.4515382604095,2333.383194894629,2322.8785672699673,2305.1484076196666,2280.455063870043,2249.108184044539,2211.4599185349352,2167.8996996153933,2118.8486834644873,2064.7539444215327,2006.0825141707428,1943.315359979799,1876.9413960045952,1807.4516200216385,1735.333464801729,1661.0654487548318,1585.1122045407367,1507.919957156727,1429.912514703012,1351.487825723648,1273.0151468709287,1194.8328537986245,1117.2469168141456,1040.5300510763116,964.9215391833399,890.6277120288968,817.8230619936456,746.6519510750827,677.2308656391926,609.6511593138599,543.9822163548479,480.27495982276236,418.56562233070895,358.8796921571197,301.235944334247,245.65046504167174,192.14057831754522,140.7285867418562,91.44524226822209,44.332869639199416,-0.5519273853268555,-43.13603766743662,-83.32814275691355,-121.01758505547834,-156.07383235712393,-188.34655537618252,-217.66632314750504,-243.84590957843548,-266.6821931109024,-285.9586205569052,-301.44819583305963,-312.9169446637588,-320.1277974683884,-322.8448247139477,-320.8377521151462,-313.88667730912374,-301.7869051214997,-284.35381536223656,-261.42767531421134
1.9390625,-255.491042029366,-222.00557335448175,-182.6903441430236,-137.52496335633796,-86.53402666666892,-29.789879579894233,32.585211216666615,100.41752974257022,173.4810673400158,251.49739474717222,334.1362689856886,421.01698262407825,511.7104509614976,605.7420206408855,702.5949713513199,801.7146708190949,902.513332411287,1004.3753145709103,1106.6628921425772,1208.7224215894084,1309.8908152846677,1409.5022346032372,1506.8949075333446,1601.417974048222,1692.4382615649813,1779.3468934916625,1861.5656361140518,1938.5528928656129,2009.8092602947004,2074.8825667061046,2133.372322398277,2184.933519511033,2229.279729589397,2266.1854578891257,2295.4877250157797,2317.086858509086,2330.9464892567285,2337.092759942462,2335.612764897073,2326.652252525377,2310.412632732799,2287.1473422853906,2257.1576306353736,2220.7878372742625,2178.4202389999214,2130.469551486899,2077.3771741378328,2019.6052702998088,1957.630776510666,1891.9394344800885,1823.0199380186614,1751.3582841399189,1677.4324131348246,1601.7072166364644,1524.62998565614,1446.6263623988891,1368.096850489368,1289.4139282019964,1210.9197985450314,1132.924798755936,1055.7064800895823,979.5093568906124,904.5453120111266,830.9946338460306,759.0076488002957,688.7069020744625,620.1898294661277,553.5318536531768,488.7898303692188,426.0057632176476,365.21070079586013,306.4287264820512,249.6809497959845,194.98940874657822,142.38079502175188,91.88991818935311,43.56283112635828,-2.5404535140989934,-46.34371708417352,-87.75281029709451,-126.65449072892638,-162.91585174427286,-196.38436052683687,-226.88851120755928,-254.23908749081937,-278.2310178478455,-298.6457954230326,-315.25442441809304,-327.82084500771487,-336.10577992113303,-339.8709378158205,-338.88350158778815,-332.92082391717554,-321.7752477383486,-305.25896603817006,-283.20883349540924
1.9671875,-278.49161598584647,-245.81373943647077,-207.25785897189493,-162.79947887713604,-112.45894842231127,-56.304263879943285,5.546715016391926,72.92468625466692,145.60800659589674,223.32250406491096,305.7420221682584,392.48970440822774,483.140015704279,577.2214853393142,674.2201442219334,773.583617798911,874.7258250601383,977.0322239378041,1079.865534186518,1182.5718606996895,1284.487133309999,1384.94377355736,1483.2774947832456,1578.8341392976238,1670.9764553106882,1759.0907168462634,1842.5930919504253,1920.935668144386,1993.6120491855893,2060.1624437108517,2120.178174132229,2173.3055431103003,2219.249004891432,2257.773599598932,2288.706620032555,2311.9384924649853,2327.422865128635,2335.175910357874,2335.274858486393,2327.85579339534,2313.1107508698196,2291.284171463786,2262.6687692233218,2227.6008862189965,2186.455410250856,2139.6403391971608,2087.591080185755,2030.7645750044603,1969.6333448897726,1904.6795480222365,1836.3891417195437,1765.2462384868431,1691.7277408143818,1616.2983339839127,1539.4059092560078,1461.4774817764112,1382.9156584913997,1304.0957014420267,1225.3632211665042,1147.03252373718,1069.3856233574975,992.6719206142586,917.1085345958008,842.881265328931,770.1461515459246,699.0315778665362,629.6408752769014,562.0553495229307,496.33766392818325,432.5354964073305,370.6853852719339,310.81667498078144,252.95547139511288,197.12851642640837,143.36689421445516,91.70948508231004,42.20608935516975,-5.079849480165459,-50.068984083020084,-92.66431704832996,-132.7500105785684,-170.1907822555154,-204.83190561201332,-236.49982256613688,-265.0033632120239,-290.1355571314611,-311.6760094490548,-329.3938044395703,-343.0508897385007,-352.40588523046887,-357.21825261501544,-357.25275459164345,-352.28412667535633,-342.10187995077735,-326.51514968500754,-305.3575027179883
1.9953125,-301.82387910436125,-269.9770955860534,-232.20843865231421,-188.48938663461652,-138.8360971234125,-83.31224442240614,-22.03127791402064,44.84195130397845,117.090238414626,194.44377986639952,276.5806565166318,363.12805446817106,453.6642212434503,547.7211429965311,644.7879166693751,744.314779554695,845.7177478292734,948.3838054552783,1051.6765755868407,1154.942398424186,1257.516732468798,1358.7307904712534,1457.9183171265506,1554.4224128341443,1647.6023066500043,1736.8399819383708,1821.5465601771398,1901.1683518523043,1975.1924883368074,2043.1520550056566,2104.6306534869473,2159.2663297599115,2206.754814639861,2246.8520338713015,2279.375856406699,2304.2070612895186,2321.2895156886793,2330.629568845494,2332.2946787900105,2326.411300460807,2313.1620751256933,2292.7823715648806,2265.556239169624,2231.811841770881,2191.916448504087,2146.2710642196084,2095.30478676683,2039.468981841557,1979.2313679443348,1915.0701043302172,1847.4679736431108,1776.9067482497173,1703.8618251729185,1628.7972090481085,1552.1609157846185,1474.3808617212999,1395.8612941493145,1316.9798092763187,1238.084993174776,1159.4947101503287,1081.4950514475331,1004.3399454486281,928.2514186910456,853.420485312344,780.008631116515,708.149847541369,637.9531605998518,569.5055905824277,502.87547015846894,438.11604171149895,375.26924947954905,314.3696385118115,255.44827071892522,198.53656845536966,143.66999813620265,90.89151029927002,40.25465815852069,-8.173676119276296,-54.31100965823044,-98.0574942607632,-139.29470109628792,-177.88498578537553,-213.6714535469615,-246.47853250054033,-276.11315168287325,-302.3665090213267,-325.01640355778017,-343.8300957795256,-358.56765011908783,-368.9857046597162,-374.84160494906706,-375.8978316968972,-371.9266461234069,-362.7148719337503,-348.06872940905185,-327.8186349966311
2.0234375,-325.4294131902444,-294.43644758451177,-257.4824462553609,-214.534947627588,-165.6059779766911,-110.75492074832574,-50.09081352628851,16.225980482682065,87.98276996593181,164.91423510859468,246.70285128676016,332.980047307487,423.32809683830925,517.2827297843058,614.3364386180182,713.9424432463561,815.5192671038475,918.4558669793946,1022.1172497883972,1125.8505012531423,1228.9911443936712,1330.8697399805678,1430.8186367600742,1528.1787764061862,1622.3064568346852,1712.5799577547966,1798.4059341336892,1879.2254865786542,1954.5198224478252,2023.8154277029498,2086.688677014573,2142.7698182961026,2191.7462775341905,2233.3652403369583,2267.4354778627085,2293.828396532137,2312.4783029709415,2323.3818877763747,2326.5969437485896,2322.2403459756356,2310.485332415297,2291.5581341920088,2265.734014549648,2233.33278411287,2194.7138676703494,2150.2710039830654,2100.4266650415375,2045.626284673992,1986.3323883937628,1923.0187168453606,1856.1644341666788,1786.2485100569024,1713.744360376733,1639.114825782905,1562.8075613060855,1485.2509020312154,1406.850261258586,1327.985107850878,1249.0065590547695,1170.2356140817162,1091.9620423040642,1014.4439282382257,937.9078637207584,862.5497660170334,788.5362892246943,716.0067854427762,645.0757619777354,575.8357715614701,508.3606643765792,442.70912382756586,378.92840265423973,317.05817231773415,257.1343967227571,199.1931413424617,143.27423069611237,89.42467084304121,37.70175898718826,-11.824190730149832,-59.067567842362386,-103.92568572496451,-146.27754415898994,-185.98316619707734,-222.88352991379884,-256.80110411987727,-287.5409856352936,-314.89262442338287,-338.6321119442678,-358.5249976357973,-374.32958860845144,-385.8006785757474,-392.69364385635316,-394.76883709573656,-391.79620327412357,-383.5600376943795,-369.86380206632253,-350.5349125947724
2.0515625,-349.2444985395769,-319.1272688166909,-283.01489427787095,-240.87106711427063,-192.70374853272133,-138.5680662493652,-78.56864665099506,-12.861328068391463,58.345788908525805,134.79198783003744,216.16430228476227,302.09861263346085,392.1814731845939,485.9526576014585,582.9083986290634,682.505286840741,784.1647822237256,887.2782822353392,991.2126806413962,1095.3163431554947,1198.9254187747922,1301.3703998771177,1401.9828397070048,1500.1021329115526,1595.082263343503,1686.2984234550534,1773.1534112621373,1855.0837140392139,1931.5651925573895,2002.1182857271967,2066.3126628513933,2123.7712592105477,2174.173640252987,2217.258650081624,2252.826311049294,2280.7389529059797,2300.9215618916296,2313.36135223818,2318.106574532882,2315.264587103445,2304.9992278197747,2287.5275342823015,2263.1158701096456,2232.0755237900717,2194.7578541808707,2151.549063106472,2102.864680520349,2049.143851282461,1990.8435147117527,1928.4325686768184,1862.3861090867679,1793.1798332632866,1721.2846918621835,1647.1618688391156,1571.258162510471,1494.0018331554675,1415.798973963332,1337.030452586911,1258.0494602680164,1179.1796946057445,1100.7141907086893,1022.9148038737386,946.0123352420165,870.2072802775585,795.6711685848519,722.5484527240255,650.9588935012978,581.0003799168957,512.7521137533545,446.278081887921,381.63073400199306,318.854779598745,257.99101624935065,199.08010084043585,142.16617730554287,87.30027784552814,34.543419872156285,-16.030672311098964,-64.33328394493749,-110.25891796171337,-153.68403829265833,-194.46638098810666,-232.44485459112957,-267.440039788586,-299.25528693884536,-327.67839881916905,-352.4838750080916,-373.43568386631836,-390.2905182410331,-402.8014819231763,-410.722145659413,-413.81090427824245,-411.83556034369815,-404.5780548012103,-391.8392614166655,-373.4437595037402
2.0796875,-373.20107833160506,-343.98067969951893,-308.73643727405175,-267.4282984766178,-220.060231686715,-166.6831480962713,-107.39726554745283,-42.35386044381834,28.243636821990787,104.13923729269337,185.02470323656263,270.54058447541036,360.27798178432516,453.7810261586136,550.5500511029255,650.0454237528003,751.6919897827677,854.8840768729704,958.9909921719737,1063.3629408669124,1167.3372857963338,1270.2450621395465,1371.4176566910212,1470.1935581581024,1565.9250833591645,1657.9849841757962,1745.772841629279,1828.7211564848412,1906.3010502876793,1978.0274966285442,2043.4640096259689,2102.2267249775523,2153.9878183347455,2198.47821603733,2235.4895642338547,2264.8754339292104,2286.5517513482323,2300.496454987471,2306.7483926466125,2305.40548338879,2296.622180582209,2280.606282739661,2257.6151486242097,2227.951381870237,2191.9580580371644,2150.013573447052,2102.5262002560967,2049.928435897119,1992.671237252507,1931.218230647098,1866.0399879857155,1797.6084571224835,1726.3916308846246,1652.8485341501714,1577.4246020853382,1500.547515189525,1422.6235482959385,1344.034481268535,1265.1351089667478,1186.251377272431,1107.6791607496539,1029.6836860050867,952.4995932083982,876.3316166988351,801.35585433381,727.721584423279,655.5535789424274,584.9548524320097,516.0097777882008,448.78749321300717,383.3455191276867,319.73350000381646,257.99698396098046,198.18115268953875,140.33441579977134,84.5117870340831,30.777964809081713,-20.789953869630125,-70.10018914502673,-117.04447765324964,-161.49679945388974,-203.3126658780551,-242.32899053671665,-278.36455441275984,-311.22106460769453,-340.6847951067035,-366.52878702621683,-388.5155753662128,-406.4003994445928,-419.93484507510976,-428.87085828901576,-432.965063112564,-431.9833097089356,-425.70537417512884,-413.92972754013454,-396.4782891129608
2.1078125,-397.22824050243537,-368.9249498898697,-334.57489140056816,-294.13437691318126,-247.6034601552909,-195.02887898202073,-136.50644726526502,-72.18284220058851,-2.256742055041964,73.02072056456868,153.34621411249387,238.36518513590832,327.6735583634962,420.82014962544326,517.3097698105732,616.6069867758379,718.1405013029538,821.308083031143,925.482002957404,1030.01489074605,1134.2459378708716,1237.507361650168,1339.1310406301652,1438.455228605884,1534.831252896101,1627.6301023409283,1716.2488118714323,1800.1165533890946,1878.7003470421957,1951.510312724548,2018.104388654617,2078.0924521028505,2131.1397865853387,2176.9698499784613,2215.3663088628155,2246.174315794342,2269.3010179363755,2284.7152973727766,2292.4467552617125,2292.583963585591,2285.272019413343,2270.709447132669,2249.1445038593174,2220.8709520292473,2186.223370885632,2145.5720850636458,2099.3177936502016,2047.8859868750287,1991.7212399191885,1931.281474177627,1867.032275679066,1799.4413582690618,1728.973255643786,1656.0843214486333,1581.2181105128484,1504.801206983014,1427.2395567641452,1348.9153524100327,1270.184508568372,1191.3747554336703,1112.7843665521943,1034.681525925162,957.3043278420839,880.8613914255774,805.5330606690123,731.4731499932201,658.8111852388157,587.6550807514304,518.0941850128938,450.2026203201242,384.04283649771065,319.6692947062594,257.1321951970331,196.48116243799223,137.76880241814052,81.05405009020842,26.405229744892143,-26.097242517937573,-76.35857732615254,-124.26780580876289,-169.696493036296,-212.49800506977843,-252.5073526044572,-289.5416229846604,-323.40100109850476,-353.8703685155476,-380.72145937154704,-403.71554108422185,-422.60657814394415,-437.14482809729583,-447.0808105560217,-452.16958273874315,-452.175248799424,-446.87562511618086,-436.0669798952408,-419.5687629603816
2.1359375,-421.2502082515454,-393.88346336618724,-360.4531782912861,-320.91214657120713,-275.2565915520693,-223.5291250211177,-165.82116341049627,-102.27474716327738,-33.08371793355504,41.50578178952737,121.19551144459285,205.6360512534137,294.42843944942086,387.12651860651016,483.23997030868145,582.2380061757284,683.5536724867928,786.5887155055407,890.718945280981,995.300027336044,1099.673624405265,1203.173804367857,1305.1336258469116,1404.891809690503,1501.799402773199,1595.226340289014,1684.5678139556865,1769.2503562961692,1848.7375553620054,1922.5353198456244,1990.1966214023446,2051.325649053415,2105.581319635168,2152.6800982441187,2192.398093337566,2224.5724024049673,2249.1016957394945,2265.946037618484,2275.1259559497953,2276.720782963823,2270.866300637182,2257.7517350410917,2237.616153542821,2210.744327593912,2177.462131572006,2138.1315546809383,2093.1454081539746,2042.921813867989,1987.8985629059855,1928.5274335703143,1865.2685578421654,1798.5849233221018,1728.9370943122974,1656.7782309768545,1582.5494795253637,1506.675799208356,1429.5622837087808,1351.5910253920556,1273.1185609806437,1194.4739266988352,1115.9573399485557,1037.8395132935307,960.3615951194399,883.7357199809147,808.1461405282577,733.750902220387,660.6840119743636,589.0580426783347,518.9671073053684,450.490129405127,383.69433119808804,318.6388565070267,255.37844345206673,193.96706128311536,134.461426950585,76.92431999058705,21.427618939389337,-31.945011339753876,-83.09584450992273,-131.91128420845362,-178.2605668915153,-221.99501055548114,-262.9478330048342,-300.9345522479564,-335.7539704319701,-367.18973165676795,-395.012433202753,-418.98225932052827,-438.8520969073325,-454.37108326964164,-465.2885278718339,-471.3581426175193,-472.34250891500943,-468.01770464290644,-458.1780102446416,-442.6406106149385
2.1640625,-445.18949187043324,-418.77791111762485,-386.29255206914763,-347.6828149501776,-302.9411828971811,-252.10619276898905,-195.26487181782116,-132.55458568467552,-64.1642521097905,9.665115477940944,88.64055986866978,172.41804187874445,260.6040151552914,352.7577056309003,448.39407588768444,546.9874435414156,647.9757120416318,750.7651621849611,854.7357433285435,959.246794927328,1063.6431217464535,1167.2613400426994,1269.4364072715082,1369.508244540393,1466.8283591540874,1560.7663742151515,1650.7163733645368,1736.1029713524817,1816.38702517935,1891.0709059716755,1959.7032584712242,2021.8831829026851,2077.263782917245,2125.5550331360732,2166.5259303755292,2200.0059037488004,2225.8854703213465,2244.1161346587764,2254.7095422518305,2257.7359082405983,2253.3217539001025,2241.646993809604,2222.9414263373337,2197.4806888725134,2165.5817469854,2127.59799327039,2083.9140369236347,2034.9402690446293,1981.1072911732786,1922.86029564691,1860.6534859766648,1794.9446236149552,1726.189784253695,1654.83840221735,1581.3286756763705,1506.0833984042781,1429.5062757508142,1351.9787735327848,1273.8575387939304,1195.4724210051088,1117.125111424123,1039.088407175689,961.6060953177498,884.8934409087925,809.1382520667045,734.5024844041769,661.1243372351905,589.1207847713721,518.5904773643115,449.61694089152735,382.2719968058376,316.6193213218457,252.71805981704443,190.62641185330358,130.40510330317008,72.12066486736072,15.848440716179484,-38.32474304791446,-90.29831309257945,-139.95614123418068,-187.16523958442758,-231.77499341117633,-273.6169560050405,-312.5052188885938,-348.2373596451532,-380.595958660838,-409.35066533440363,-434.26078396970826,-455.0783397708217,-471.5515762462545,-483.4288270255232,-490.4626977192685,-492.4144871257709,-489.0587719036376,-480.1880748814108,-465.61753453321586
2.1921875,-468.96617120742667,-443.52756362286937,-412.01186328411796,-374.3652098379317,-330.57644217629456,-280.6800771047013,-224.7587625229197,-162.9451505271064,-95.42314461501438,-22.428484797498243,55.75135526781592,138.77797417154397,226.26355555351861,317.77308036053165,412.8272198229343,510.9058793519887,611.4523529157485,713.8780374039196,817.5676472129614,921.8848609297759,1026.1783247087988,1129.787930847923,1232.0512852783506,1332.310274275087,1429.9176387277835,1524.2434638213433,1614.681492972168,1700.6551773342442,1781.6233760896187,1857.085628006085,1926.5869212939006,1989.721896514406,2046.1384260577836,2095.5405233690194,2137.690545499057,2172.4106635189737,2199.5835866759653,2219.1525377021817,2231.1204882194356,2235.5486745229964,2232.5544249888108,2222.308340749647,2205.0308809565413,2180.988412724968,2150.48879361828,2113.8765611209997,2071.527808897216,2023.844833633665,1971.2506388737759,1914.183383423621,1853.0908616423262,1788.4251012312902,1720.6371610446583,1650.1722070159578,1577.464938611105,1502.9354313725573,1426.985453226297,1349.9953034089249,1272.3212132751275,1194.2933380141444,1116.214357594173,1038.3586942297768,960.9723424995719,884.2732971068571,808.4525523577142,733.675636918727,660.0846375040438,587.8006560257263,516.9266366172176,447.5504919949308,379.74845303017855,313.58856131163884,249.13422200358337,186.44773352195372,125.5937114869105,66.6423270435803,9.672283899242023,-45.22653581406534,-97.95081963566565,-148.38202134910432,-196.38505132981143,-241.8074960054903,-284.4793912795558,-324.21356395883964,-360.80654429035496,-394.0400418298184,-423.68296620522983,-449.493964058869,-471.2244336972937,-488.62196988891156,-501.43418295253764,-509.4128288994961,-512.3181810391038,-509.9235682345191,-502.0200009919479,-488.42080385442483
2.2203125,-492.50178294935176,-468.05320453123585,-437.53153064596097,-400.87978028981115,-358.08324935179763,-309.17249270588286,-254.2257898400147,-193.3710394551261,-126.7870370808664,-54.704099217429636,22.59599233032566,104.78074157669357,191.46838955476827,282.23005901323836,376.59257485923627,474.041931636546,574.0273687671812,675.9660043007749,779.2479686801688,883.2419717006459,987.3012285567132,1090.7696647591188,1192.9883148708864,1293.3018265381475,1391.0649792399772,1485.6491265878408,1576.448471881466,1662.886088961075,1744.4196041482082,1820.5464601773774,1890.808689403874,1954.7971311232327,2012.155036429479,2062.581013529146,2105.8312766578656,2141.721172545665,2170.125969565824,2190.9809060941943,2204.2805060116516,2210.077180512984,2208.4791462548947,2199.6477002052666,2183.7939011754784,2161.174716771257,2132.0887022432767,2096.8712843332805,2055.889728590572,2009.5378726950973,1958.2307110070346,1902.398916832531,1842.483388738451,1778.9299056767545,1712.1839727251756,1642.6859349711472,1570.8664315360047,1497.1422550508166,1421.9126741640323,1345.5562680089974,1268.4283121227547,1190.8587452328009,1113.1507357706728,1035.5798560928542,958.3938613595845,881.8130590164644,806.0312440238838,731.2171645726613,657.5164732023866,585.0541091955475,513.9370500469771,444.25736288843683,376.0954811514129,309.52362762324395,244.60930250704413,181.41875420914386,120.0203513784789,60.487777191109785,2.902970942198128,-52.64125243511375,-106.03896740975487,-157.16934188447678,-205.89532563897902,-252.06285883851166,-295.50062595228945,-336.0203697748851,-373.4177694439394,-407.4738755802097,-437.9570851100875,-464.62562812390263,-487.23052942344634,-505.5189983578606,-519.2381922691573,-528.1392914892351,-531.9818174624351,-530.5381203132386,-523.5979581268093,-510.97308743411503
2.2484375,-515.7205450474802,-492.2783659094522,-462.77478418547014,-427.14984468010897,-385.3854061786582,-337.5081224197735,-283.59191601517347,-223.75989085564058,-158.18563699080215,-87.09389126641446,-10.760526995379822,70.48814353727603,156.2767590546052,246.18298601708983,339.7402653209809,436.4412013387922,535.7415552093621,637.064794377518,739.8071412029731,843.3430551609016,947.0310758845068,1050.2199481772436,1152.2549452543597,1252.484302944139,1350.265675450006,1444.9725225833438,1536.0003391368584,1622.7726392685868,1704.7466123717563,1781.4183718564707,1852.3277244838569,1917.0623952684396,1975.261651377715,2026.6192777685696,2070.8858673534396,2107.870399117226,2137.441088631733,2159.525506654558,2174.1099727668125,2181.238242112148,2181.009514064457,2173.5758018959946,2159.138712073502,2137.945690521457,2110.2858009180063,2076.4851067070626,2036.9017339150857,1991.9206959704322,1941.9485644756921,1887.4080712417929,1828.7327268421936,1766.3615394955984,1700.733915267717,1632.2848164501245,1561.4402496005707,1488.6131482059031,1414.1997073640607,1338.5762193976939,1262.0964500430769,1185.0895849488618,1107.8587658231093,1030.6802248449876,953.8030150770977,877.4493237497765,801.815344619715,727.0726753170047,653.3701958760652,580.8363756873063,509.58194809550196,439.70288498781423,371.28359812458297,304.40028981218984,239.12437291197006,175.52587919659624,113.67677573652504,53.654111308019324,-4.457081301505306,-60.561195861277085,-114.54983822821104,-166.30004109583336,-215.67295341641645,-262.51304038970125,-306.6478197904753,-347.8881499263446,-386.02907386702424,-420.85121394778986,-452.12270009122926,-479.6016053715454,-503.0388526128851,-522.1815468071208,-536.7766798885929,-546.5751470360573,-551.3360072987397,-550.8309160659323,-544.8486528070484,-533.1996646751197
2.2765625,-538.5585719232365,-516.1386470535729,-487.6770674000462,-453.1110548693119,-412.4191401579322,-365.62413797521464,-312.795625021592,-254.0518664513348,-189.56114482481343,-119.54245467782788,-44.265535654785154,35.949772492940546,120.73485902419284,209.67435051929078,302.3087825603722,398.13790823472385,496.6246065576045,597.1993440927743,699.2651339366867,802.2029279811134,905.3773711196626,1008.1428399402467,1109.8496835530752,1209.8505806265757,1307.5069245038983,1402.1951474892026,1493.312896040767,1580.2849706777865,1662.568947866342,1739.6604059406848,1811.097683159456,1876.4661031924234,1935.4016115620618,1987.5937756886556,2032.7881110554713,2070.787706457595,2101.4541321498564,2124.707625785726,2140.526562155646,2148.9462237058783,2150.0568994660607,2144.0013501597205,2130.9716867507695,2111.205718335751,2084.9828329865077,2052.6194817577793,2014.4643414948741,1970.893236224451,1922.3038997249214,1869.1106633130648,1811.739152934304,1750.6210783128424,1686.1891942339953,1618.8725100455642,1549.0918182488979,1477.255606692606,1403.7564114883003,1328.9676594581244,1253.2410398303684,1176.9044351647908,1100.260431264935,1023.5854152799905,947.1292604796024,871.115585473843,795.7425651250798,721.1842602414737,647.592423539193,575.0987304991143,503.8173758077033,433.8479692369233,365.27865924599786,298.1894084181435,232.6553421883958,168.75009124798785,106.54904855863494,46.132464063704866,-12.411696114892093,-68.98519405447689,-123.47732958040986,-175.76316896888693,-225.7022382078712,-273.13771687090434,-317.8961587368066,-359.7877549898403,-398.6071453479952,-434.1347719708914,-466.13876066187464,-494.3773038598463,-518.6015103643155,-538.5586777921999,-553.9959355589597,-564.6641988325757,-570.3223675399482,-570.7416992136082,-565.7102803411276,-555.0375179939736
2.3046875,-560.969890034858,-539.5877880785561,-512.1921549020614,-478.7175433364336,-439.1392660453979,-393.47636031409223,-341.79406581000126,-284.2057613187949,-220.8743145561257,-152.0128080968174,-77.88461409993347,1.197199316833115,84.87113665585599,172.72921443641144,264.3195565242125,359.1496199255419,456.6900153418649,556.3788770645488,657.6267277580274,759.8217754867733,862.3355731266327,964.5289641876251,1065.758234168081,1165.3813829434264,1262.7644314297288,1357.287674892218,1448.3517958087275,1535.3837511397762,1617.8423521698983,1695.2234597143156,1767.0647233546647,1832.9498003798885,1892.5119981467851,1945.4372925051744,1991.4666846064727,2030.3978686701998,2062.086193949907,2086.444915040685,2103.4447356234414,2113.112661565203,2115.5301898104863,2110.830869533182,2099.197281406707,2080.8574894393128,2056.0810274724,2025.1744890300333,1988.4767946333711,1946.354214870895,1899.1952303814455,1847.4053114222706,1791.4016998411857,1731.608275055758,1668.4505830906467,1602.3511038854717,1533.72482702832,1462.9751998809274,1390.490504843843,1316.640714380851,1241.7748635115968,1166.2189699301853,1090.2745218651298,1014.2175434197487,938.298236586133,862.741188580445,787.7461227781158,713.4891615145591,640.1245595431125,567.7868581903433,496.5934023995961,426.64715607844164,358.03974562219423,290.85465730993513,225.17051156965772,161.06433595805183,98.61475913124455,37.90505008568941,-20.974069529540746,-77.92190727957555,-132.82563699437083,-185.5585446207003,-235.9787281412733,-283.9282876985882,-329.23303234934343,-371.70271977137037,-411.13183493449503,-447.30090340700553,-479.97832476832195,-508.92270169446664,-533.8856308253465,-554.6149126521846,-570.858129511756,-582.3665334645017,-588.8991794793461,-590.2272340511599,-586.1383852260934,-576.441277079255
2.3328125,-582.9460383442921,-562.61747858127,-536.3121252057736,-503.9620138942361,-465.53934642494386,-421.059440358379,-370.5832023192569,-314.2190712416408,-252.12438585195505,-184.5061394154807,-111.62109421754349,-33.775238235720295,48.67742318130572,135.3367372521027,225.75892135690376,319.4597038956335,415.9180539154538,514.5804554126257,614.8656732758565,716.1699497158515,817.872562857104,919.3416730752034,1019.9403777506521,1119.0328914626716,1215.9907663269805,1310.1990662307899,1401.062409153857,1488.0107935806336,1570.5051281762912,1648.0423883666674,1720.160329155304,1786.4416903349977,1846.517838093464,1900.071795741763,1946.8406257649692,1986.6171354491078,2019.2508888091613,2044.6485182558608,2062.7733402158465,2073.644289581954,2077.3341982415855,2073.9674528402725,2063.7170762221326,2046.8012854975534,2023.4795872830948,1994.0484772179548,1958.8368162812747,1918.200960631492,1872.5197245996856,1822.1892580525146,1767.617919578052,1709.2212258431798,1647.4169550496458,1582.62047872361,1515.2403911767285,1445.6744999595517,1374.3062335909287,1301.5015149050341,1227.6061396382154,1152.9436905192786,1077.8140072765405,1002.4922227883359,927.2283652426715,852.2475158045471,777.7505010891691,703.915089883088,630.8976542226196,558.8352463093797,487.84803499202206,418.04203883893024,349.51208732207016,282.34493746013607,216.62247053511442,152.42489227231718,89.83386019382591,28.935463711850236,-30.177014126488338,-87.40061958520234,-142.62059619252267,-195.7086508603265,-246.52166321063254,-294.9008742513135,-340.6715810516279,-383.64335417070834,-423.61078447095474,-460.3547557788425,-493.6442298045342,-523.2385199569533,-548.890021341718,-570.3473554461974,-587.3588799310287,-599.6765066838029,-607.0597649615023,-609.2800411553261,-606.1249225436336,-597.4025694293714
2.3609375,-604.5437395941736,-585.2853110282246,-560.0955330738977,-528.9040669300392,-491.68010122006956,-448.4352820066988,-399.2261774470977,-344.15622389164247,-283.37710795146484,-217.08954761326513,-145.54344472504755,-69.03739096171284,12.082480457222852,97.42429465346862,186.55287352789665,278.99278943180934,374.23200079838,471.72602698788677,570.9026107689358,671.1668088180397,771.9064435086972,872.4978431996575,972.3117933241311,1070.7196169116103,1167.0993008050823,1260.8415828102977,1351.3559153492188,1438.0762228826216,1520.4663733900622,1598.0252884994784,1670.291622372457,1736.847946083137,1797.3243818685842,1851.4016401488868,1898.813421474263,1939.3481553998986,1972.8500585529005,1999.2195046690897,2018.412709965537,2030.4407477021552,2035.367915999008,2033.309492746691,2024.4289206149892,2008.9344735803795,1987.0754639193613,1959.1380551315342,1925.4407516604101,1886.3296404874402,1842.1734626221792,1793.3585941570122,1740.2840168784433,1683.3563574304096,1622.9850717318775,1559.5778478051484,1493.536295436502,1425.25198524856,1355.1028929120807,1283.4502964761089,1210.6361662745667,1136.9810777103246,1062.7826675696588,988.3146445338408,913.8263543902053,839.5428902680316,765.6657282054477,692.373858666341,619.8253754469475,548.159474916001,477.4988108914299,407.9521438337724,339.6172175809379,272.5837926897009,206.93676268943605,142.75927826380968,80.13580459102917,19.155038788052156,-40.08738242518736,-97.48645018037095,-152.92568556809667,-206.27542900857443,-257.3915616167709,-306.11469463189485,-352.26985371950923,-395.6666752748282,-436.10012193652324,-473.35171453457866,-507.19126780852173,-537.3791076007699,-563.668738002652,-585.8099182481858,-603.5521011449449,-616.648177625142,-624.8584657063553,-627.954876871597,-625.7251887011448,-617.9773495872506
2.3890625,-625.9348422796836,-607.7652293879491,-583.7182505938036,-553.7213134722697,-517.740670699161,-475.7843261450574,-427.9044870393994,-374.19950952824183,-314.8152924737661,-249.94608269187012,-179.83466386038236,-104.77191090619846,-25.095701636678044,58.810812447051454,146.52156399957178,237.57053409683033,331.4552908764347,427.64106117781967,525.5652850941651,624.6425954021765,724.2701567928635,823.8332938062392,922.7113314783335,1020.2835690240272,1115.9353044675204,1209.0638270359839,1299.0842943708874,1385.4354131832333,1467.584844858211,1545.0342616545952,1617.3239844760667,1684.037139627047,1744.8032793976631,1799.3014196271286,1847.262456433897,1888.47093392379,1922.7661447334558,1950.04255556913,1970.2495602882177,1983.390573371704,1989.521486678254,1988.748521990639,1981.2255209038065,1967.1507219139976,1946.7630820150223,1920.3382065716316,1888.1839566183146,1850.6358069412183,1808.0520312774795,1760.8087926675064,1709.295217400426,1653.9085301012185,1595.0493253416385,1533.1170477575126,1468.5057480837177,1401.6001768540254,1332.7722708513652,1262.3780798445218,1190.7551728324293,1118.2205540701561,1045.0691097141867,971.5725961492151,897.9791711016983,824.5134586698472,751.3771295731087,678.7499684173293,606.7913907569972,535.6423643846796,465.4276817570909,396.25852393572325,328.23525102260515,261.45034993384996,195.9914675755915,131.94445613818698,69.39635734015606,8.43825403075828,-50.83207944068731,-108.30779233550652,-163.8708967801263,-217.39058314132623,-268.7219558636196,-317.7052256932803,-364.16538519073146,-407.9123849814216,-448.7418184897457,-486.4361131110378,-520.7662160664642,-551.4937537105076,-578.3736339686931,-601.1570530140655,-619.5948593762703,-633.4412215393639,-642.4575388362306,-646.4165301898266,-645.1064310724918,-638.3352260276079
2.4171875000000003,-647.4990478021762,-630.4411913449624,-607.5678518828264,-578.8042601390156,-544.1137699267323,-503.5007366984873,-457.0129539415468,-404.7435953325538,-346.8326178858603,-283.46758946675516,-214.883912860363,-141.36442794486172,-63.23838325905803,19.120221782791095,105.29491275817479,194.82961301013987,287.23208252750874,381.9778829487454,478.5148201218984,576.2678078113738,674.6440891770766,773.0387466812635,870.8404262052169,967.4371974650841,1062.2224703675308,1154.6008857839452,1243.9940993677262,1329.846378491602,1411.629935117878,1488.8499213891114,1561.0490198744046,1627.811566641773,1688.7671525462124,1743.593656205941,1792.019670951053,1833.8262974227518,1868.8482833209323,1896.9745018797134,1918.1477708271718,1932.364023688101,1939.6708551500506,1940.165471670605,1933.9920874024288,1921.338813706846,1902.4340978835196,1877.5427731451143,1846.9617872098454,1811.0156810883404,1770.051892640353,1724.4359612284543,1674.5467102773207,1620.77148375771,1563.501510572978,1503.1274675728432,1440.0353075127402,1374.6024127938354,1307.1941293512662,1238.1607277133264,1167.834830151817,1096.529334114255,1024.5358529120733,952.1236850832894,879.5393141080123,807.00643039068,734.7264577985637,662.8795577292215,591.6260748386738,521.1083803644207,451.45306158557463,382.77339953040166,315.17207171011523,248.74401254840117,183.5793613866152,119.76642654293155,57.39459392527927,-3.442889857768311,-62.646327113172376,-120.10723448489875,-175.7063218977575,-229.3118362923351,-280.7783140315986,-329.9457776928651,-376.63940418206556,-420.6696818926787,-461.833065149828,-499.91312459786707,-534.6821826681193,-565.9034139566495,-593.3333813967787,-616.7249706666377,-635.8306774592853,-650.4061951836597,-660.2142444709324,-665.0285806332279,-664.6381110479172,-658.8510513937956
2.4453125,-670.0055970224765,-654.090678096874,-632.4285288359576,-604.9421946481401,-571.5920912797231,-532.3788534376163,-487.3457532870765,-436.5806373769578,-380.2173376593037,-318.4365201903564,-251.4659436975297,-179.58010933066467,-103.09929243498162,-22.387956929381303,62.147437315729626,150.06121399651204,240.8718172382377,334.0656672267515,429.10148758463197,525.4150497375625,622.4242726359136,719.5346102827425,816.1446546732939,911.6518780554658,1005.4584359392858,1096.9769510592464,1185.636198548409,1270.8866139177512,1352.205548027234,1429.1021970439062,1501.1221403442514,1567.8514253504886,1628.9201452933369,1684.0054637502608,1732.8340483873963,1775.183885492411,1810.885456471778,1839.822267339936,1861.9307321857905,1877.1994214987924,1885.6676959087058,1887.423755180658,1882.602141057445,1871.380740611637,1853.9773440294146,1830.6458170798662,1801.6719538266573,1767.3690793309577,1728.0734751112097,1684.139701923083,1635.9358949782513,1583.8391060310164,1528.2307648447315,1469.492329443113,1408.001190311066,1344.1268884093088,1278.2277005967078,1210.6476389179597,1141.7139023289199,1071.7348109252655,1000.9982437495357,929.770591922062,858.2962293246106,786.7974935188904,715.4751601665564,644.5093850969421,574.0610795078838,504.27367574683103,435.2752338620184,367.1808327863465,300.09518475620456,234.1154074916437,169.33388586811265,105.84115336006876,43.72872346870613,-16.908197338744454,-75.96818098489821,-133.3412952891114,-188.90712434062138,-242.53314224315486,-294.0734835971598,-343.36814617188077,-390.24265269341953,-434.50818970328316,-475.9622321909715,-514.3896533373173,-549.5643093809595,-581.2510804907799,-609.2083397379614,-633.1908139503745,-652.9527925294831,-668.2516333369481,-678.8515086259181,-684.5273288006451,-685.0687776248151,-680.2843894364732
2.4734375,-694.9738698088898,-680.2488841960809,-659.8480406091916,-633.6920270071963,-601.738136750393,-563.98308732357,-520.4654210290965,-471.26743685406785,-416.51660962178966,-356.3864602404748,-291.0968492359693,-220.91367466340702,-146.14796478783495,-67.15436545156584,15.67096835261146,101.89305766915759,191.04133322832286,282.6133803917655,376.0791499209763,470.88558147738604,566.4615799690919,662.2232790035857,757.5795208884028,851.9374789247498,944.7083452261743,1035.3130060090318,1123.1876262665628,1207.7890669557637,1288.60006027651,1365.1340722655534,1436.9397867037987,1503.6051501644752,1564.760924815465,1620.083703218056,1669.298347709734,1712.1798258811493,1748.5544230085086,1778.3003219267935,1801.3475505663746,1817.6773070643385,1827.320681841778,1830.3568051531315,1826.9104572134722,1817.149185954036,1801.2799846160021,1779.5455876524743,1752.2204486689313,1719.6064683108505,1682.028543039806,1639.8300075818383,1593.3680444598112,1543.0091334309054,1489.1246118570143,1432.0864140750298,1372.263053759617,1310.0159081541692,1245.6958569732215,1179.6403218529194,1112.170744559248,1043.5905338813754,974.1835023741453,904.2128050116528,833.9203825217294,763.5269028431944,693.2321849417207,623.216080296479,553.6397788890229,484.6474986470601,416.36851017265633,348.919442362147,282.40680933601345,216.9296950555778,152.58252920200383,89.45788639719086,27.64924069135616,-32.74639156834776,-91.62598486922646,-148.87827428655962,-204.38181755760357,-258.0033991996228,-309.5968195031359,-359.00210356915454,-406.04515728341136,-450.53788839258846,-492.27880182914623,-531.054069282359,-566.6390638891664,-598.8003419697087,-627.2980451027706,-651.8886876625922,-672.3282873496836,-688.3757893646682,-699.7967288063317,-706.3670707223894,-707.8771630906367,-704.1357349316763
2.5015625000000004,-725.485877615134,-712.0292832542319,-692.9644792264379,-668.2092979442602,-637.7174386943211,-601.4812613160575,-559.5341736299202,-511.952562407077,-458.8572243756254,-400.41426124923726,-336.8354109215518,-268.3777956597396,-195.34307721025033,-118.07601804792763,-36.962457401175996,47.57327998680943,135.07151530419026,225.04085155481582,316.9622699299535,410.2936352043898,504.4745519782779,598.9315077812726,693.0832342600986,786.3462139667514,878.140257715434,967.8940761262471,1055.0507688464409,1139.0731560389754,1219.4488790358482,1295.6952005323592,1367.363439290766,1434.0429799512826,1495.3648051216237,1551.0045043236191,1600.6847224934875,1644.1770194258418,1681.3031206755725,1711.9355498346574,1735.9976416262562,1753.4629447483649,1764.3540326965262,1768.7407497464135,1766.7379277352532,1758.5026171077845,1744.2308827604613,1724.1542214130232,1698.5356624605824,1667.6656184299698,1631.8575542173655,1591.4435461752225,1546.7698028197995,1498.1922184407206,1446.0720292248595,1390.771638691636,1332.6506753268818,1272.0623403662585,1209.3500978009936,1144.8447519568654,1078.8619505430013,1011.7001430021938,943.6390154505467,874.9384146107678,805.8377640662255,736.5559670430222,667.2917809196243,598.2246399249487,529.5158941732911,461.31042545329035,393.73859318799,326.9184578553963,260.9582240323436,195.95884121039379,132.01669772105814,69.22634156316587,7.683161683662088,-52.5140356705512,-111.26061856404007,-168.44394840826774,-223.94148116675595,-277.6191997269009,-329.3304197798688,-378.9150041291534,-426.1990123129416,-470.99480393154425,-513.101605276161,-552.3065399155047,-588.38611496512,-621.1081459886124,-650.2340950027699,-675.5217880150782,-696.7284710405042,-713.6141567440275,-725.9452078461064,-733.4980983088583,-736.0632891775415,-733.4491528572393
2.5296875,-768.2313096741476,-756.1889458655722,-738.5871397082827,-715.33967110774,-686.3955596219204,-651.7418483412663,-611.4059921529337,-565.4578005413417,-514.0108915951059,-457.2236211915073,-395.29945929548666,-328.486793810264,-257.0781513109985,-181.40883313380576,-101.85497452774197,-18.831043752383533,67.21319303540324,155.79620666587255,246.40869708616765,338.5179927699355,431.57280077397337,525.0082450274016,618.251125640967,710.7253282918209,801.8573101364415,891.0815872760749,977.8461485703754,1061.6177215706205,1141.88681850871,1218.172493596573,1290.026747307871,1357.038518756537,1418.83721366434,1475.0957226158148,1525.5328922136846,1569.915420239242,1608.059154848632,1639.8297870490903,1665.1429350456892,1683.9636283740083,1696.3052088830896,1702.2276744548533,1701.8354996960368,1695.2749755798684,1682.7311170212067,1664.4241935278403,1640.6059432835004,1611.5555352031693,1577.5753465938217,1538.9866260082597,1496.125111669387,1449.3366754600702,1398.9730609316127,1345.387781112849,1288.9322381508089,1229.952122048755,1168.7841400696657,1105.753121838701,1041.1695379151708,975.3274617324612,908.5029964521409,840.9531795829287,772.9153693197428,704.607107611201,636.2264461178926,567.9527126327024,499.94768735268,432.3571507716185,365.3127580504303,298.93418865701227,233.33151497461935,168.60772956701825,104.8613679485954,42.18916210201567,-19.311340348500785,-79.53925545692435,-138.38800271880777,-195.74316382850137,-251.4806144566662,-305.4649775298932,-357.54844005023085,-407.56996828495016,-455.3549483317318,-500.7152707732863,-543.4498695318679,-583.3457162714712,-620.1792629241,-653.7183162826146,-683.724320247165,-709.9550133695051,-732.1674219368568,-750.1211420932749,-763.5818585211239,-772.3250420968234,-776.1397647798138,-774.8325668640127
2.5578125000000003,-840.1106130303817,-829.7971404482877,-813.9154067689537,-792.3721905574931,-765.1092101691182,-732.105939168479,-693.3820335254217,-648.9993204588211,-599.0633051847055,-543.7241589977513,-483.17715996018376,-417.6625658610099,-347.4649079030838,-272.9117026301515,-194.37158876990785,-112.25190478917385,-26.995731880633084,60.92156432282695,150.99625192467448,242.70056199297147,335.48737329713055,428.7951911734551,522.0533542697048,614.6873990982648,706.12450962152,795.7989775482596,883.1575986633726,967.6649313516413,1048.8083454970354,1126.102793108381,1199.0952362882977,1267.3686734539297,1330.5457109472006,1388.2916342352808,1440.3169406808581,1486.3793042270336,1526.2849511537638,1559.8894351751494,1587.0978094078544,1607.8642019970678,1622.1908112842136,1630.1263451900636,1631.7639378232811,1627.2385840714253,1616.724139962804,1600.4299427899118,1578.5971102592864,1551.4945821953572,1519.414971511557,1482.670293223057,1441.587641183533,1396.5048819741482,1347.766433966208,1295.7191970484196,1240.7086949019151,1183.0754870846563,1123.1519026309168,1061.259140474561,997.7047748733629,932.7806962628999,866.7615097299891,799.903404702502,732.4435006467011,664.5996646924845,596.5707883221303,528.5375017126656,460.6632961692038,393.0960174778918,325.9696860886365,259.40659394738196,193.5196226611173,128.41472360521095,64.1934976613043,0.9558105696512409,-61.19762056936353,-122.1627332947366,-181.8297798766962,-240.0811998383137,-296.78975887108027,-351.81700271457754,-405.01206827328684,-456.2108871760022,-505.23580928781934,-551.8956655104138,-595.9862807048602,-637.2914388943068,-675.584294200833,-710.629212387387,-742.1840195524903,-770.0026265968341,-793.8379906745728,-813.4453680772449,-828.5858069849942,-839.0298233572821,-844.56119901087,-844.9808377199663
2.5859375,-1006.3241097210018,-998.7040597925584,-985.2993348436269,-966.0000263218287,-940.7320298691296,-909.460033882001,-872.190115889926,-828.9718941202223,-779.900188047833,-725.116148987797,-664.8078297584644,-599.2101709952494,-528.6043906873194,-453.31677279445694,-373.71686022406044,-290.21506685177195,-203.25973249602424,-113.33365365216527,-20.95013120593468,73.35141586269894,169.01021473774404,265.44921877678235,362.0804358763344,458.3104336785345,553.5459471220812,647.1995120452757,738.695047972232,827.4733138656356,912.9971625006517,994.7565221740138,1072.2730386593485,1145.1043155846207,1212.847697652461,1275.143548244957,1331.6779808323988,1382.1850121090968,1426.4481137669816,1464.3011491395246,1495.6286904496603,1520.3657219179952,1538.4967433740958,1550.054298108986,1555.116957361537,1553.8068019036116,1546.286448547047,1532.7556759212098,1513.4477094583617,1488.6252300874075,1458.5761746041296,1423.6093980057744,1384.0502692173168,1340.2362715827849,1292.5126782545374,1241.228370212042,1186.731861124078,1129.3675886962237,1069.4725265972272,1007.3731646265204,943.3828975771963,877.7998553825879,810.9051987388559,742.961895608296,674.2139849733757,604.8863250809254,535.1848143450136,465.29706422433554,395.3934949147986,325.6288167582601,256.1438530173176,187.067653248776,118.51984105813216,50.6131356504483,-16.54401659460102,-82.84476623322216,-148.18120690735546,-212.44180922557996,-275.50900611611854,-337.2569902014135,-397.5497793868352,-456.2396014334134,-513.1656419160156,-568.153192789496,-621.013230941996,-671.5424477598294,-719.5237420177267,-764.7271794975784,-806.9114137816983,-845.8255538128178,-881.2114552072151,-912.8064040881458,-940.3461545057351,-963.5682734501054,-982.2157411610626,-996.0407489935641,-1004.8086326050429,-1008.3018747659187
